1,1,8/18/2017,http://dummyimage.com/166x235.jpg/5fa2dd/ffffff
2,2,10/31/2017,http://dummyimage.com/218x109.png/ff4444/ffffff
3,3,2/10/2017,http://dummyimage.com/109x101.bmp/cc0000/ffffff
4,4,8/9/2017,http://dummyimage.com/166x178.bmp/dddddd/000000
5,5,8/23/2017,http://dummyimage.com/109x215.png/dddddd/000000
6,6,5/19/2017,http://dummyimage.com/130x128.jpg/dddddd/000000
7,7,10/29/2017,http://dummyimage.com/118x240.jpg/cc0000/ffffff
8,8,1/10/2018,http://dummyimage.com/224x238.bmp/cc0000/ffffff
9,9,4/18/2017,http://dummyimage.com/111x214.bmp/5fa2dd/ffffff
10,10,4/26/2017,http://dummyimage.com/157x132.bmp/ff4444/ffffff
11,11,2/2/2017,http://dummyimage.com/141x131.bmp/ff4444/ffffff
12,12,4/1/2017,http://dummyimage.com/222x156.jpg/5fa2dd/ffffff
13,13,2/3/2017,http://dummyimage.com/226x204.png/cc0000/ffffff
14,14,12/27/2017,http://dummyimage.com/200x199.jpg/ff4444/ffffff
15,15,11/21/2017,http://dummyimage.com/230x238.png/dddddd/000000
16,16,5/17/2017,http://dummyimage.com/213x145.bmp/5fa2dd/ffffff
17,17,8/30/2017,http://dummyimage.com/178x221.bmp/5fa2dd/ffffff
18,18,7/14/2017,http://dummyimage.com/199x121.bmp/ff4444/ffffff
19,19,4/13/2017,http://dummyimage.com/104x248.jpg/dddddd/000000
20,20,5/29/2017,http://dummyimage.com/144x147.jpg/dddddd/000000
21,21,8/13/2017,http://dummyimage.com/163x131.png/5fa2dd/ffffff
22,22,6/6/2017,http://dummyimage.com/109x133.png/ff4444/ffffff
23,23,7/7/2017,http://dummyimage.com/145x155.bmp/dddddd/000000
24,24,12/15/2017,http://dummyimage.com/146x238.png/5fa2dd/ffffff
25,25,4/24/2017,http://dummyimage.com/126x118.bmp/dddddd/000000
26,26,7/28/2017,http://dummyimage.com/202x107.bmp/dddddd/000000
27,27,1/13/2018,http://dummyimage.com/136x124.png/5fa2dd/ffffff
28,28,1/18/2017,http://dummyimage.com/179x156.jpg/5fa2dd/ffffff
29,29,3/7/2017,http://dummyimage.com/195x212.jpg/5fa2dd/ffffff
30,30,10/15/2017,http://dummyimage.com/156x181.png/ff4444/ffffff
31,31,11/4/2017,http://dummyimage.com/194x167.jpg/ff4444/ffffff
32,32,3/24/2017,http://dummyimage.com/134x232.png/cc0000/ffffff
33,33,3/15/2017,http://dummyimage.com/118x158.jpg/ff4444/ffffff
34,34,12/24/2017,http://dummyimage.com/166x226.jpg/5fa2dd/ffffff
35,35,7/14/2017,http://dummyimage.com/147x161.bmp/5fa2dd/ffffff
36,36,11/8/2017,http://dummyimage.com/214x193.jpg/cc0000/ffffff
37,37,6/18/2017,http://dummyimage.com/117x213.png/ff4444/ffffff
38,38,12/9/2017,http://dummyimage.com/230x222.jpg/ff4444/ffffff
39,39,9/16/2017,http://dummyimage.com/223x114.bmp/5fa2dd/ffffff
40,40,11/30/2017,http://dummyimage.com/222x215.bmp/cc0000/ffffff
41,41,12/12/2017,http://dummyimage.com/166x170.bmp/ff4444/ffffff
42,42,12/13/2017,http://dummyimage.com/146x144.jpg/cc0000/ffffff
43,43,12/5/2017,http://dummyimage.com/189x146.jpg/5fa2dd/ffffff
44,44,9/18/2017,http://dummyimage.com/171x191.png/ff4444/ffffff
45,45,11/4/2017,http://dummyimage.com/178x175.bmp/5fa2dd/ffffff
46,46,9/9/2017,http://dummyimage.com/137x121.jpg/dddddd/000000
47,47,9/28/2017,http://dummyimage.com/201x149.jpg/5fa2dd/ffffff
48,48,11/23/2017,http://dummyimage.com/184x108.png/cc0000/ffffff
49,49,10/29/2017,http://dummyimage.com/150x109.bmp/cc0000/ffffff
50,50,5/20/2017,http://dummyimage.com/165x171.bmp/dddddd/000000