1,Elena,Maffy,emaffy0@macromedia.com,http://dummyimage.com/219x160.jpg/ff4444/ffffff,18
2,Cello,Janu,cjanu1@a8.net,http://dummyimage.com/100x109.jpg/5fa2dd/ffffff,34
3,Hall,Jasper,hjasper2@geocities.com,http://dummyimage.com/195x225.png/5fa2dd/ffffff,49
4,Zaneta,Cadore,zcadore3@over-blog.com,http://dummyimage.com/199x133.bmp/ff4444/ffffff,33
5,Deedee,Dimberline,ddimberline4@state.gov,http://dummyimage.com/130x182.bmp/5fa2dd/ffffff,1
6,Bella,Sjollema,bsjollema5@zdnet.com,http://dummyimage.com/103x248.jpg/5fa2dd/ffffff,34
7,Kyle,Devanney,kdevanney6@webmd.com,http://dummyimage.com/125x236.jpg/dddddd/000000,11
8,Barnett,Height,bheight7@businessweek.com,http://dummyimage.com/228x156.bmp/ff4444/ffffff,31
9,Della,Stollenhof,dstollenhof8@berkeley.edu,http://dummyimage.com/242x143.png/5fa2dd/ffffff,38
10,Khalil,Coomes,kcoomes9@senate.gov,http://dummyimage.com/187x110.jpg/dddddd/000000,36
11,Tove,Jollands,tjollandsa@github.io,http://dummyimage.com/183x186.bmp/dddddd/000000,5
12,Boothe,Eagling,beaglingb@comcast.net,http://dummyimage.com/133x192.jpg/dddddd/000000,30
13,Blake,Roblou,broblouc@ask.com,http://dummyimage.com/182x218.jpg/ff4444/ffffff,16
14,Gratia,Breckenridge,gbreckenridged@cargocollective.com,http://dummyimage.com/177x192.png/ff4444/ffffff,30
15,Dannel,Balint,dbalinte@google.com.au,http://dummyimage.com/141x148.jpg/dddddd/000000,41
16,Beltran,Norcross,bnorcrossf@1688.com,http://dummyimage.com/114x249.jpg/dddddd/000000,44
17,Tabbi,Thickett,tthickettg@archive.org,http://dummyimage.com/247x223.png/5fa2dd/ffffff,8
18,Vassily,Larenson,vlarensonh@wordpress.org,http://dummyimage.com/233x116.jpg/cc0000/ffffff,20
19,Olav,Mallabon,omallaboni@vimeo.com,http://dummyimage.com/218x207.jpg/ff4444/ffffff,38
20,Gusella,Blaber,gblaberj@etsy.com,http://dummyimage.com/127x109.jpg/dddddd/000000,18
21,Pansy,Vinter,pvinterk@cyberchimps.com,http://dummyimage.com/137x111.bmp/cc0000/ffffff,6
22,Jean,Whitsun,jwhitsunl@smh.com.au,http://dummyimage.com/218x197.jpg/ff4444/ffffff,28
23,Genvieve,Rubie,grubiem@wikia.com,http://dummyimage.com/218x168.bmp/dddddd/000000,38
24,Jonis,California,jcalifornian@symantec.com,http://dummyimage.com/160x230.bmp/dddddd/000000,20
25,Nadean,Pert,nperto@angelfire.com,http://dummyimage.com/143x109.bmp/dddddd/000000,16
26,Mariellen,Dodd,mdoddp@springer.com,http://dummyimage.com/109x155.bmp/5fa2dd/ffffff,36
27,Elsa,Petersen,epetersenq@yahoo.co.jp,http://dummyimage.com/237x174.bmp/cc0000/ffffff,31
28,Maynard,Hugonnet,mhugonnetr@shinystat.com,http://dummyimage.com/152x171.jpg/dddddd/000000,46
29,Nero,Beaven,nbeavens@wufoo.com,http://dummyimage.com/150x215.jpg/cc0000/ffffff,41
30,Bria,Mattis,bmattist@nasa.gov,http://dummyimage.com/184x175.jpg/ff4444/ffffff,2
31,Lanie,Hillaby,lhillabyu@dailymotion.com,http://dummyimage.com/250x236.jpg/dddddd/000000,45
32,Marni,Nias,mniasv@wikimedia.org,http://dummyimage.com/140x240.png/ff4444/ffffff,39
33,Filmore,Plewright,fplewrightw@opensource.org,http://dummyimage.com/187x208.png/cc0000/ffffff,10
34,Jayson,Stockings,jstockingsx@gov.uk,http://dummyimage.com/241x162.bmp/cc0000/ffffff,41
35,Currie,Widdall,cwiddally@ibm.com,http://dummyimage.com/245x137.bmp/dddddd/000000,36
36,Son,Pendrich,spendrichz@seattletimes.com,http://dummyimage.com/229x227.png/5fa2dd/ffffff,41
37,Savina,Davitashvili,sdavitashvili10@cnn.com,http://dummyimage.com/175x121.jpg/ff4444/ffffff,48
38,Kahaleel,Climpson,kclimpson11@cbc.ca,http://dummyimage.com/149x205.png/ff4444/ffffff,33
39,Marcile,Grabeham,mgrabeham12@yandex.ru,http://dummyimage.com/161x117.bmp/5fa2dd/ffffff,33
40,Nadiya,Honisch,nhonisch13@google.it,http://dummyimage.com/188x135.png/ff4444/ffffff,30
41,Arv,Dallin,adallin14@friendfeed.com,http://dummyimage.com/192x118.jpg/cc0000/ffffff,22
42,Godwin,Masse,gmasse15@walmart.com,http://dummyimage.com/153x101.bmp/cc0000/ffffff,47
43,Mona,Lathleiffure,mlathleiffure16@army.mil,http://dummyimage.com/125x119.jpg/dddddd/000000,50
44,Marianna,Russell,mrussell17@nba.com,http://dummyimage.com/162x198.png/dddddd/000000,6
45,Mariette,Bails,mbails18@seattletimes.com,http://dummyimage.com/145x164.png/cc0000/ffffff,10
46,Arluene,Teague,ateague19@columbia.edu,http://dummyimage.com/185x242.png/dddddd/000000,4
47,Frasier,Pitcher,fpitcher1a@theguardian.com,http://dummyimage.com/151x178.png/cc0000/ffffff,49
48,Gennifer,Haddrill,ghaddrill1b@nydailynews.com,http://dummyimage.com/201x159.png/dddddd/000000,47
49,Shanon,Loving,sloving1c@a8.net,http://dummyimage.com/213x212.png/ff4444/ffffff,5
50,Crystie,Bullan,cbullan1d@deviantart.com,http://dummyimage.com/168x233.bmp/ff4444/ffffff,22
51,Howie,Salvatore,hsalvatore1e@wsj.com,http://dummyimage.com/157x170.bmp/ff4444/ffffff,27
52,Marya,Wiltshear,mwiltshear1f@huffingtonpost.com,http://dummyimage.com/111x162.png/dddddd/000000,22
53,Burnard,Cashman,bcashman1g@hostgator.com,http://dummyimage.com/180x236.bmp/ff4444/ffffff,30
54,Eran,Walford,ewalford1h@sourceforge.net,http://dummyimage.com/125x101.bmp/ff4444/ffffff,28
55,Jared,Bowmer,jbowmer1i@sbwire.com,http://dummyimage.com/237x136.bmp/cc0000/ffffff,39
56,Sandi,Foyle,sfoyle1j@4shared.com,http://dummyimage.com/201x237.jpg/ff4444/ffffff,44
57,Loutitia,Plover,lplover1k@businesswire.com,http://dummyimage.com/186x201.png/dddddd/000000,8
58,Celle,Staite,cstaite1l@google.co.jp,http://dummyimage.com/249x166.png/5fa2dd/ffffff,12
59,Chrystel,Mainds,cmainds1m@yahoo.co.jp,http://dummyimage.com/187x246.jpg/dddddd/000000,19
60,Eugenius,Genicke,egenicke1n@baidu.com,http://dummyimage.com/194x156.jpg/ff4444/ffffff,30
61,Etan,Moline,emoline1o@artisteer.com,http://dummyimage.com/189x214.bmp/dddddd/000000,33
62,Chelsey,Greenstead,cgreenstead1p@diigo.com,http://dummyimage.com/108x130.jpg/5fa2dd/ffffff,23
63,Cornelia,Aizikovitch,caizikovitch1q@yahoo.co.jp,http://dummyimage.com/157x124.jpg/5fa2dd/ffffff,6
64,Jammal,Shirt,jshirt1r@histats.com,http://dummyimage.com/223x191.bmp/ff4444/ffffff,32
65,Stormy,Jindra,sjindra1s@webmd.com,http://dummyimage.com/209x223.png/5fa2dd/ffffff,23
66,Kassia,Dumbreck,kdumbreck1t@nhs.uk,http://dummyimage.com/220x116.jpg/ff4444/ffffff,7
67,Celine,Grahlman,cgrahlman1u@rambler.ru,http://dummyimage.com/144x116.png/dddddd/000000,12
68,Van,Weavill,vweavill1v@comcast.net,http://dummyimage.com/175x138.jpg/ff4444/ffffff,44
69,Wilt,Bortolutti,wbortolutti1w@163.com,http://dummyimage.com/192x145.jpg/5fa2dd/ffffff,38
70,Schuyler,Rosnau,srosnau1x@ebay.com,http://dummyimage.com/121x194.bmp/5fa2dd/ffffff,1
71,Zea,Hoodless,zhoodless1y@weebly.com,http://dummyimage.com/188x237.jpg/5fa2dd/ffffff,46
72,Dal,Milan,dmilan1z@bizjournals.com,http://dummyimage.com/179x190.bmp/5fa2dd/ffffff,13
73,Pauly,Foskew,pfoskew20@cisco.com,http://dummyimage.com/228x205.jpg/5fa2dd/ffffff,41
74,Imelda,Clemon,iclemon21@studiopress.com,http://dummyimage.com/130x228.jpg/ff4444/ffffff,3
75,Linn,Anfosso,lanfosso22@nba.com,http://dummyimage.com/179x179.bmp/dddddd/000000,18
76,Wynny,Youles,wyoules23@amazon.de,http://dummyimage.com/250x130.bmp/5fa2dd/ffffff,30
77,Trstram,O'Loughlin,toloughlin24@howstuffworks.com,http://dummyimage.com/112x100.png/5fa2dd/ffffff,14
78,Ginger,Tarver,gtarver25@adobe.com,http://dummyimage.com/208x113.bmp/5fa2dd/ffffff,24
79,Giusto,Neville,gneville26@weebly.com,http://dummyimage.com/179x242.jpg/5fa2dd/ffffff,31
80,Vincents,Whelband,vwhelband27@sogou.com,http://dummyimage.com/185x186.png/dddddd/000000,24
81,Janeva,Ahrens,jahrens28@archive.org,http://dummyimage.com/215x235.jpg/cc0000/ffffff,44
82,Lucita,Micka,lmicka29@prnewswire.com,http://dummyimage.com/108x157.png/ff4444/ffffff,22
83,Rycca,Danton,rdanton2a@berkeley.edu,http://dummyimage.com/226x106.bmp/cc0000/ffffff,14
84,Layne,Wellings,lwellings2b@microsoft.com,http://dummyimage.com/209x196.png/dddddd/000000,14
85,Phylis,Beauchamp,pbeauchamp2c@tripadvisor.com,http://dummyimage.com/163x122.bmp/ff4444/ffffff,29
86,Jayson,Laden,jladen2d@photobucket.com,http://dummyimage.com/115x228.bmp/5fa2dd/ffffff,16
87,Sascha,Pinfold,spinfold2e@wikia.com,http://dummyimage.com/218x100.jpg/dddddd/000000,41
88,Hadley,Firsby,hfirsby2f@apache.org,http://dummyimage.com/191x121.bmp/cc0000/ffffff,4
89,Sterne,Hackworthy,shackworthy2g@netlog.com,http://dummyimage.com/137x100.png/cc0000/ffffff,47
90,Ashien,Caesmans,acaesmans2h@cisco.com,http://dummyimage.com/133x165.bmp/5fa2dd/ffffff,40
91,Eva,Beisley,ebeisley2i@tripod.com,http://dummyimage.com/165x202.jpg/dddddd/000000,24
92,Jermain,Pridham,jpridham2j@sun.com,http://dummyimage.com/137x108.png/ff4444/ffffff,33
93,Geri,Kruse,gkruse2k@is.gd,http://dummyimage.com/192x120.bmp/ff4444/ffffff,50
94,Janie,Denver,jdenver2l@house.gov,http://dummyimage.com/235x101.jpg/cc0000/ffffff,46
95,Conway,Boniface,cboniface2m@hatena.ne.jp,http://dummyimage.com/167x129.bmp/cc0000/ffffff,14
96,Michale,Loving,mloving2n@businessinsider.com,http://dummyimage.com/109x132.png/ff4444/ffffff,48
97,Hailee,Freckingham,hfreckingham2o@cbsnews.com,http://dummyimage.com/167x193.jpg/5fa2dd/ffffff,20
98,Arron,Sibylla,asibylla2p@topsy.com,http://dummyimage.com/102x123.bmp/dddddd/000000,10
99,Jilleen,Maryan,jmaryan2q@pcworld.com,http://dummyimage.com/176x191.jpg/ff4444/ffffff,24
100,Cristionna,Cawson,ccawson2r@alibaba.com,http://dummyimage.com/166x160.png/5fa2dd/ffffff,35
101,Harriet,Popplewell,hpopplewell2s@intel.com,http://dummyimage.com/227x195.bmp/5fa2dd/ffffff,44
102,Gillian,Large,glarge2t@mashable.com,http://dummyimage.com/208x189.bmp/ff4444/ffffff,34
103,Blakeley,Arminger,barminger2u@state.tx.us,http://dummyimage.com/190x236.bmp/ff4444/ffffff,25
104,Adelaide,Frigot,afrigot2v@wufoo.com,http://dummyimage.com/148x104.bmp/ff4444/ffffff,37
105,Janene,Hoston,jhoston2w@blogtalkradio.com,http://dummyimage.com/238x204.png/dddddd/000000,21
106,Ines,Shackel,ishackel2x@indiatimes.com,http://dummyimage.com/170x134.bmp/ff4444/ffffff,27
107,Kiri,Hands,khands2y@msn.com,http://dummyimage.com/155x166.jpg/ff4444/ffffff,4
108,Dalila,Devonald,ddevonald2z@wikispaces.com,http://dummyimage.com/141x199.bmp/cc0000/ffffff,8
109,Erica,Leatherbarrow,eleatherbarrow30@hugedomains.com,http://dummyimage.com/166x160.png/ff4444/ffffff,32
110,Barrie,Joddens,bjoddens31@de.vu,http://dummyimage.com/191x107.png/ff4444/ffffff,39
111,Emlynne,Fibbens,efibbens32@ameblo.jp,http://dummyimage.com/118x245.png/cc0000/ffffff,41
112,Gwyn,Goby,ggoby33@liveinternet.ru,http://dummyimage.com/113x120.bmp/5fa2dd/ffffff,7
113,Melamie,Weymont,mweymont34@nationalgeographic.com,http://dummyimage.com/236x182.bmp/cc0000/ffffff,38
114,Jamal,Lawrenceson,jlawrenceson35@bizjournals.com,http://dummyimage.com/215x228.jpg/dddddd/000000,19
115,Missie,Lorand,mlorand36@nytimes.com,http://dummyimage.com/170x126.bmp/cc0000/ffffff,24
116,Wilhelmine,Buard,wbuard37@qq.com,http://dummyimage.com/240x180.png/5fa2dd/ffffff,44
117,Martin,Prandin,mprandin38@instagram.com,http://dummyimage.com/165x159.png/ff4444/ffffff,14
118,Devin,Wigzell,dwigzell39@deviantart.com,http://dummyimage.com/169x127.png/cc0000/ffffff,8
119,Anet,Goodram,agoodram3a@tuttocitta.it,http://dummyimage.com/112x144.jpg/dddddd/000000,7
120,Tobiah,Thurborn,tthurborn3b@spotify.com,http://dummyimage.com/116x118.bmp/ff4444/ffffff,30
121,Teddi,Schwanden,tschwanden3c@yellowpages.com,http://dummyimage.com/230x201.jpg/5fa2dd/ffffff,38
122,Velma,Danielski,vdanielski3d@intel.com,http://dummyimage.com/235x249.jpg/ff4444/ffffff,23
123,Sargent,Wollacott,swollacott3e@japanpost.jp,http://dummyimage.com/102x104.png/5fa2dd/ffffff,31
124,Rand,Miners,rminers3f@usnews.com,http://dummyimage.com/234x117.bmp/dddddd/000000,2
125,Herculie,Bielfelt,hbielfelt3g@acquirethisname.com,http://dummyimage.com/102x184.bmp/ff4444/ffffff,25
126,Neila,Poltone,npoltone3h@vimeo.com,http://dummyimage.com/157x247.jpg/5fa2dd/ffffff,49
127,Bernardo,McMeyler,bmcmeyler3i@ucsd.edu,http://dummyimage.com/177x228.bmp/cc0000/ffffff,21
128,Tommie,Chattelaine,tchattelaine3j@google.it,http://dummyimage.com/123x108.jpg/ff4444/ffffff,39
129,Reagen,Unsworth,runsworth3k@liveinternet.ru,http://dummyimage.com/242x168.jpg/5fa2dd/ffffff,5
130,Guthrey,Faro,gfaro3l@engadget.com,http://dummyimage.com/121x218.jpg/ff4444/ffffff,34
131,Sallee,Relfe,srelfe3m@miibeian.gov.cn,http://dummyimage.com/157x202.png/dddddd/000000,46
132,Marian,Baraja,mbaraja3n@comcast.net,http://dummyimage.com/136x182.jpg/cc0000/ffffff,44
133,Katie,Mangan,kmangan3o@blog.com,http://dummyimage.com/103x136.bmp/ff4444/ffffff,4
134,Martyn,Hinsch,mhinsch3p@cpanel.net,http://dummyimage.com/166x144.png/dddddd/000000,24
135,Hamish,Conville,hconville3q@reuters.com,http://dummyimage.com/223x168.png/dddddd/000000,26
136,Natale,Causon,ncauson3r@marriott.com,http://dummyimage.com/226x167.jpg/5fa2dd/ffffff,37
137,Elly,Akeherst,eakeherst3s@irs.gov,http://dummyimage.com/237x124.jpg/5fa2dd/ffffff,20
138,Lenard,Tarbard,ltarbard3t@usgs.gov,http://dummyimage.com/228x245.jpg/cc0000/ffffff,33
139,Vicki,Duran,vduran3u@yolasite.com,http://dummyimage.com/199x115.bmp/cc0000/ffffff,15
140,Kirbie,Loud,kloud3v@oakley.com,http://dummyimage.com/222x214.jpg/cc0000/ffffff,24
141,Roma,O' Borne,roborne3w@gravatar.com,http://dummyimage.com/157x172.bmp/ff4444/ffffff,5
142,Fabe,Matthiesen,fmatthiesen3x@hud.gov,http://dummyimage.com/170x157.png/dddddd/000000,33
143,Edik,Tremblay,etremblay3y@webeden.co.uk,http://dummyimage.com/159x104.png/ff4444/ffffff,10
144,Rahal,Popelay,rpopelay3z@sphinn.com,http://dummyimage.com/182x246.bmp/dddddd/000000,10
145,Xylina,Prater,xprater40@cnet.com,http://dummyimage.com/116x125.png/5fa2dd/ffffff,27
146,Reinhard,Paling,rpaling41@admin.ch,http://dummyimage.com/138x133.jpg/ff4444/ffffff,43
147,Colby,de Courcy,cdecourcy42@walmart.com,http://dummyimage.com/150x102.png/ff4444/ffffff,14
148,Teodorico,Boutellier,tboutellier43@patch.com,http://dummyimage.com/241x136.bmp/cc0000/ffffff,7
149,Davey,Trood,dtrood44@scribd.com,http://dummyimage.com/144x146.bmp/ff4444/ffffff,23
150,Felizio,Spiby,fspiby45@chronoengine.com,http://dummyimage.com/119x190.bmp/dddddd/000000,7
151,Calv,Henaughan,chenaughan46@dailymotion.com,http://dummyimage.com/152x118.jpg/cc0000/ffffff,28
152,Trude,Coneybeer,tconeybeer47@netlog.com,http://dummyimage.com/150x127.jpg/dddddd/000000,18
153,Carey,Fryer,cfryer48@comsenz.com,http://dummyimage.com/207x142.bmp/ff4444/ffffff,11
154,Fidel,Fairpo,ffairpo49@dmoz.org,http://dummyimage.com/243x205.jpg/ff4444/ffffff,50
155,Ferris,McShirrie,fmcshirrie4a@imageshack.us,http://dummyimage.com/100x124.jpg/ff4444/ffffff,14
156,Ralf,Hughman,rhughman4b@list-manage.com,http://dummyimage.com/114x235.png/dddddd/000000,23
157,Elsy,Lantry,elantry4c@geocities.com,http://dummyimage.com/158x151.jpg/dddddd/000000,1
158,Moe,Winterbotham,mwinterbotham4d@cnet.com,http://dummyimage.com/111x150.png/cc0000/ffffff,6
159,Erick,Batch,ebatch4e@jimdo.com,http://dummyimage.com/243x146.jpg/cc0000/ffffff,6
160,Shelly,Wisby,swisby4f@printfriendly.com,http://dummyimage.com/136x204.bmp/ff4444/ffffff,18
161,Cello,Dymidowski,cdymidowski4g@google.it,http://dummyimage.com/182x187.png/ff4444/ffffff,3
162,Vernor,Hankins,vhankins4h@macromedia.com,http://dummyimage.com/213x240.png/5fa2dd/ffffff,24
163,Kelcey,Andreazzi,kandreazzi4i@chronoengine.com,http://dummyimage.com/189x219.bmp/cc0000/ffffff,45
164,Donovan,Scimoni,dscimoni4j@storify.com,http://dummyimage.com/147x245.jpg/dddddd/000000,30
165,Illa,Grimmer,igrimmer4k@hp.com,http://dummyimage.com/208x129.jpg/cc0000/ffffff,7
166,Fee,Silver,fsilver4l@spotify.com,http://dummyimage.com/171x123.png/5fa2dd/ffffff,8
167,Chelsae,Lathbury,clathbury4m@chronoengine.com,http://dummyimage.com/225x230.jpg/dddddd/000000,14
168,Benito,O'Connell,boconnell4n@instagram.com,http://dummyimage.com/185x246.png/ff4444/ffffff,39
169,Nolly,Dadley,ndadley4o@dedecms.com,http://dummyimage.com/208x126.png/dddddd/000000,2
170,Shepperd,Tolerton,stolerton4p@biblegateway.com,http://dummyimage.com/173x182.bmp/ff4444/ffffff,7
171,Valentin,Bernardt,vbernardt4q@tripadvisor.com,http://dummyimage.com/166x225.jpg/dddddd/000000,30
172,Chaim,Meas,cmeas4r@bbc.co.uk,http://dummyimage.com/248x117.jpg/5fa2dd/ffffff,13
173,Jacquelin,Rootham,jrootham4s@seattletimes.com,http://dummyimage.com/129x135.bmp/cc0000/ffffff,24
174,Ewart,Beards,ebeards4t@hostgator.com,http://dummyimage.com/113x187.jpg/ff4444/ffffff,2
175,Jeanine,Tixier,jtixier4u@github.com,http://dummyimage.com/200x205.bmp/5fa2dd/ffffff,36
176,Pam,Ramage,pramage4v@loc.gov,http://dummyimage.com/164x234.bmp/ff4444/ffffff,12
177,Blaine,Madge,bmadge4w@google.co.jp,http://dummyimage.com/157x126.jpg/cc0000/ffffff,33
178,Elberta,Stonier,estonier4x@time.com,http://dummyimage.com/226x233.jpg/5fa2dd/ffffff,21
179,Britney,Cunniffe,bcunniffe4y@gov.uk,http://dummyimage.com/174x150.bmp/ff4444/ffffff,18
180,Rowen,Waleran,rwaleran4z@ezinearticles.com,http://dummyimage.com/108x170.png/ff4444/ffffff,13
181,Jonathon,Trimming,jtrimming50@ifeng.com,http://dummyimage.com/114x175.png/dddddd/000000,7
182,Ignazio,Lewnden,ilewnden51@npr.org,http://dummyimage.com/207x203.png/cc0000/ffffff,43
183,Flem,Rubinovici,frubinovici52@ycombinator.com,http://dummyimage.com/184x234.png/dddddd/000000,35
184,Patton,Wreiford,pwreiford53@google.de,http://dummyimage.com/212x224.png/dddddd/000000,34
185,Raddy,Grasser,rgrasser54@mashable.com,http://dummyimage.com/104x160.bmp/ff4444/ffffff,36
186,Corina,Charville,ccharville55@yelp.com,http://dummyimage.com/210x219.bmp/dddddd/000000,1
187,Alysia,Millbank,amillbank56@hc360.com,http://dummyimage.com/142x249.png/dddddd/000000,16
188,Brinna,McGrill,bmcgrill57@census.gov,http://dummyimage.com/169x176.jpg/5fa2dd/ffffff,20
189,Lita,Tourle,ltourle58@smugmug.com,http://dummyimage.com/116x114.bmp/5fa2dd/ffffff,17
190,Coralie,Gilbody,cgilbody59@sfgate.com,http://dummyimage.com/113x118.png/dddddd/000000,8
191,Morgana,Jerrard,mjerrard5a@blogtalkradio.com,http://dummyimage.com/111x156.jpg/cc0000/ffffff,29
192,Marcia,Crigin,mcrigin5b@chronoengine.com,http://dummyimage.com/127x117.png/5fa2dd/ffffff,48
193,Elias,Barff,ebarff5c@sfgate.com,http://dummyimage.com/133x185.png/5fa2dd/ffffff,42
194,Oswald,Kirckman,okirckman5d@google.es,http://dummyimage.com/132x196.bmp/5fa2dd/ffffff,25
195,Corina,Sterman,csterman5e@jugem.jp,http://dummyimage.com/223x168.bmp/cc0000/ffffff,50
196,Vanda,Hapke,vhapke5f@wix.com,http://dummyimage.com/177x230.png/dddddd/000000,34
197,Graig,Albury,galbury5g@buzzfeed.com,http://dummyimage.com/167x133.jpg/ff4444/ffffff,10
198,Nanette,Revel,nrevel5h@flickr.com,http://dummyimage.com/190x153.jpg/cc0000/ffffff,38
199,Sloane,Brearley,sbrearley5i@delicious.com,http://dummyimage.com/229x151.png/5fa2dd/ffffff,3
200,Diego,Gadd,dgadd5j@exblog.jp,http://dummyimage.com/157x188.jpg/dddddd/000000,47
201,Ivy,Arnaut,iarnaut5k@imdb.com,http://dummyimage.com/101x182.png/ff4444/ffffff,33
202,Jamie,Whelpton,jwhelpton5l@lycos.com,http://dummyimage.com/202x148.jpg/ff4444/ffffff,26
203,Isabella,Overlow,ioverlow5m@nps.gov,http://dummyimage.com/201x236.bmp/cc0000/ffffff,43
204,Munmro,Phython,mphython5n@privacy.gov.au,http://dummyimage.com/240x162.jpg/5fa2dd/ffffff,31
205,Bernhard,Tuckett,btuckett5o@webs.com,http://dummyimage.com/116x221.png/5fa2dd/ffffff,28
206,Mirilla,Billows,mbillows5p@army.mil,http://dummyimage.com/172x164.bmp/5fa2dd/ffffff,42
207,Ronalda,Boddam,rboddam5q@stanford.edu,http://dummyimage.com/135x170.jpg/cc0000/ffffff,36
208,Cale,Keen,ckeen5r@buzzfeed.com,http://dummyimage.com/161x168.png/5fa2dd/ffffff,37
209,Talia,Fellgate,tfellgate5s@oakley.com,http://dummyimage.com/114x153.bmp/5fa2dd/ffffff,19
210,Trudy,Featherbie,tfeatherbie5t@jalbum.net,http://dummyimage.com/192x247.bmp/cc0000/ffffff,23
211,Waldon,Wolffers,wwolffers5u@elegantthemes.com,http://dummyimage.com/204x122.jpg/dddddd/000000,42
212,Inglis,Tourmell,itourmell5v@storify.com,http://dummyimage.com/164x248.bmp/cc0000/ffffff,48
213,Hartley,Harback,hharback5w@vk.com,http://dummyimage.com/170x160.png/dddddd/000000,17
214,Vic,Juggings,vjuggings5x@ovh.net,http://dummyimage.com/183x217.bmp/dddddd/000000,10
215,Britta,Akam,bakam5y@comsenz.com,http://dummyimage.com/238x165.bmp/5fa2dd/ffffff,31
216,Dave,Gothard,dgothard5z@theatlantic.com,http://dummyimage.com/142x250.bmp/cc0000/ffffff,45
217,Emmalynn,Ginsie,eginsie60@usda.gov,http://dummyimage.com/227x114.bmp/5fa2dd/ffffff,49
218,Arnie,Guiducci,aguiducci61@g.co,http://dummyimage.com/142x167.jpg/dddddd/000000,37
219,Edithe,Neillans,eneillans62@marriott.com,http://dummyimage.com/144x123.png/cc0000/ffffff,31
220,Merridie,Hollindale,mhollindale63@nytimes.com,http://dummyimage.com/173x206.png/cc0000/ffffff,16
221,Sarine,De Mars,sdemars64@time.com,http://dummyimage.com/210x213.bmp/dddddd/000000,31
222,Agnola,Haliburn,ahaliburn65@geocities.com,http://dummyimage.com/250x110.png/dddddd/000000,32
223,Isadora,Kovalski,ikovalski66@adobe.com,http://dummyimage.com/130x213.jpg/5fa2dd/ffffff,3
224,Huntington,Skoggins,hskoggins67@usgs.gov,http://dummyimage.com/155x126.bmp/5fa2dd/ffffff,6
225,Joni,Elph,jelph68@uiuc.edu,http://dummyimage.com/177x150.png/5fa2dd/ffffff,47
226,Virginie,McQuillan,vmcquillan69@weebly.com,http://dummyimage.com/125x132.png/5fa2dd/ffffff,9
227,Curry,Clausson,cclausson6a@woothemes.com,http://dummyimage.com/193x155.bmp/cc0000/ffffff,30
228,Zaneta,Buckle,zbuckle6b@barnesandnoble.com,http://dummyimage.com/244x121.png/ff4444/ffffff,26
229,Sophi,Ribbon,sribbon6c@indiegogo.com,http://dummyimage.com/232x153.jpg/dddddd/000000,45
230,Merrill,Nickoles,mnickoles6d@mit.edu,http://dummyimage.com/217x192.jpg/dddddd/000000,48
231,Gottfried,Brosnan,gbrosnan6e@yandex.ru,http://dummyimage.com/121x203.bmp/ff4444/ffffff,11
232,Lynelle,Crambie,lcrambie6f@ed.gov,http://dummyimage.com/145x246.png/5fa2dd/ffffff,42
233,Creighton,Lumsdale,clumsdale6g@wufoo.com,http://dummyimage.com/152x132.png/cc0000/ffffff,4
234,Kath,Janning,kjanning6h@dell.com,http://dummyimage.com/142x161.png/cc0000/ffffff,47
235,Mac,Lindelof,mlindelof6i@webs.com,http://dummyimage.com/156x175.jpg/ff4444/ffffff,26
236,Garik,Gelletly,ggelletly6j@examiner.com,http://dummyimage.com/137x211.png/5fa2dd/ffffff,22
237,Isahella,Collomosse,icollomosse6k@tiny.cc,http://dummyimage.com/245x117.png/cc0000/ffffff,37
238,Nataniel,Myott,nmyott6l@tripod.com,http://dummyimage.com/180x120.jpg/5fa2dd/ffffff,16
239,Bat,Fedoronko,bfedoronko6m@51.la,http://dummyimage.com/244x183.png/dddddd/000000,31
240,Emmaline,Patching,epatching6n@ehow.com,http://dummyimage.com/188x209.png/5fa2dd/ffffff,27
241,Sampson,Brabban,sbrabban6o@sciencedaily.com,http://dummyimage.com/219x197.jpg/cc0000/ffffff,25
242,Gabie,O'Hanlon,gohanlon6p@redcross.org,http://dummyimage.com/207x216.jpg/dddddd/000000,27
243,Roman,Kingsley,rkingsley6q@networksolutions.com,http://dummyimage.com/131x247.png/dddddd/000000,48
244,Feliks,Falkous,ffalkous6r@buzzfeed.com,http://dummyimage.com/141x222.png/dddddd/000000,30
245,Lauree,Heino,lheino6s@vk.com,http://dummyimage.com/211x126.jpg/dddddd/000000,22
246,Zedekiah,Brabender,zbrabender6t@amazon.com,http://dummyimage.com/138x204.png/ff4444/ffffff,48
247,Vikky,Masic,vmasic6u@psu.edu,http://dummyimage.com/153x156.bmp/cc0000/ffffff,42
248,Gabi,MacTerlagh,gmacterlagh6v@github.com,http://dummyimage.com/202x135.png/5fa2dd/ffffff,21
249,Roderich,Medlar,rmedlar6w@rediff.com,http://dummyimage.com/131x244.png/5fa2dd/ffffff,21
250,Belvia,Arboin,barboin6x@sbwire.com,http://dummyimage.com/219x161.bmp/5fa2dd/ffffff,35
251,Annette,Wixon,awixon6y@multiply.com,http://dummyimage.com/153x159.bmp/ff4444/ffffff,19
252,Jeffry,Pandya,jpandya6z@theatlantic.com,http://dummyimage.com/154x187.png/cc0000/ffffff,18
253,Kenna,Gotecliffe,kgotecliffe70@vk.com,http://dummyimage.com/188x174.png/cc0000/ffffff,14
254,Emmet,Gersam,egersam71@redcross.org,http://dummyimage.com/220x141.bmp/5fa2dd/ffffff,29
255,Esma,McAndie,emcandie72@aol.com,http://dummyimage.com/185x170.png/dddddd/000000,39
256,Chantal,Dettmar,cdettmar73@networksolutions.com,http://dummyimage.com/179x111.png/dddddd/000000,32
257,Lay,Shimoni,lshimoni74@mediafire.com,http://dummyimage.com/209x196.jpg/ff4444/ffffff,33
258,Buck,Williscroft,bwilliscroft75@pbs.org,http://dummyimage.com/145x102.jpg/5fa2dd/ffffff,35
259,Aguie,Bateson,abateson76@newyorker.com,http://dummyimage.com/213x238.jpg/dddddd/000000,2
260,Granger,Jallin,gjallin77@1688.com,http://dummyimage.com/126x234.png/ff4444/ffffff,28
261,Eduard,Brittan,ebrittan78@xinhuanet.com,http://dummyimage.com/157x148.jpg/cc0000/ffffff,2
262,Oriana,Baus,obaus79@instagram.com,http://dummyimage.com/182x200.png/dddddd/000000,20
263,Elliott,Ranyelld,eranyelld7a@deviantart.com,http://dummyimage.com/113x106.jpg/5fa2dd/ffffff,25
264,Juliette,Hiscocks,jhiscocks7b@npr.org,http://dummyimage.com/152x177.png/ff4444/ffffff,42
265,Simeon,Drugan,sdrugan7c@zdnet.com,http://dummyimage.com/217x130.jpg/cc0000/ffffff,6
266,Ester,MacCathay,emaccathay7d@pbs.org,http://dummyimage.com/187x118.bmp/ff4444/ffffff,38
267,Ernesta,Wileman,ewileman7e@typepad.com,http://dummyimage.com/210x125.bmp/5fa2dd/ffffff,29
268,Murray,Knowlys,mknowlys7f@census.gov,http://dummyimage.com/213x178.png/dddddd/000000,19
269,Felipa,Shearn,fshearn7g@so-net.ne.jp,http://dummyimage.com/125x151.jpg/dddddd/000000,19
270,Ernesto,Beckwith,ebeckwith7h@youtu.be,http://dummyimage.com/209x161.bmp/5fa2dd/ffffff,42
271,Alister,Dooher,adooher7i@simplemachines.org,http://dummyimage.com/193x247.png/dddddd/000000,2
272,Mechelle,Hassell,mhassell7j@aboutads.info,http://dummyimage.com/195x196.png/ff4444/ffffff,13
273,Yehudi,Mould,ymould7k@wufoo.com,http://dummyimage.com/191x233.bmp/ff4444/ffffff,46
274,Fleur,Schiementz,fschiementz7l@123-reg.co.uk,http://dummyimage.com/104x208.jpg/5fa2dd/ffffff,26
275,Jaye,Brum,jbrum7m@a8.net,http://dummyimage.com/170x131.jpg/5fa2dd/ffffff,15
276,Angeli,Catanheira,acatanheira7n@google.de,http://dummyimage.com/215x119.png/cc0000/ffffff,25
277,Emlyn,Skains,eskains7o@auda.org.au,http://dummyimage.com/176x136.bmp/ff4444/ffffff,32
278,Alys,Gouth,agouth7p@photobucket.com,http://dummyimage.com/247x100.bmp/dddddd/000000,5
279,Jedediah,Eake,jeake7q@hhs.gov,http://dummyimage.com/137x144.bmp/dddddd/000000,25
280,Imogene,Nestor,inestor7r@comcast.net,http://dummyimage.com/155x175.jpg/dddddd/000000,30
281,Phaidra,Pydcock,ppydcock7s@unesco.org,http://dummyimage.com/181x235.jpg/5fa2dd/ffffff,22
282,Thurston,Jorez,tjorez7t@noaa.gov,http://dummyimage.com/180x158.jpg/cc0000/ffffff,9
283,Rand,Boissieux,rboissieux7u@shutterfly.com,http://dummyimage.com/134x202.bmp/5fa2dd/ffffff,11
284,Ewan,Figgs,efiggs7v@whitehouse.gov,http://dummyimage.com/189x132.bmp/ff4444/ffffff,50
285,Tonia,Goeff,tgoeff7w@nationalgeographic.com,http://dummyimage.com/249x141.png/cc0000/ffffff,42
286,Lyell,Junkinson,ljunkinson7x@jimdo.com,http://dummyimage.com/160x210.jpg/dddddd/000000,11
287,Jareb,Melsome,jmelsome7y@g.co,http://dummyimage.com/248x140.bmp/5fa2dd/ffffff,32
288,Alphonso,Marsh,amarsh7z@odnoklassniki.ru,http://dummyimage.com/181x153.jpg/5fa2dd/ffffff,37
289,Anna-diana,O'Sesnane,aosesnane80@dropbox.com,http://dummyimage.com/180x187.bmp/5fa2dd/ffffff,36
290,Padget,Doy,pdoy81@ifeng.com,http://dummyimage.com/106x190.bmp/5fa2dd/ffffff,7
291,Ryley,Garforth,rgarforth82@t-online.de,http://dummyimage.com/162x134.jpg/5fa2dd/ffffff,29
292,Tersina,Andreacci,tandreacci83@illinois.edu,http://dummyimage.com/151x156.jpg/cc0000/ffffff,13
293,Rosalind,Mattheis,rmattheis84@netvibes.com,http://dummyimage.com/159x103.png/cc0000/ffffff,14
294,Zita,Dunguy,zdunguy85@exblog.jp,http://dummyimage.com/215x179.png/5fa2dd/ffffff,37
295,Maddie,Klimochkin,mklimochkin86@dyndns.org,http://dummyimage.com/221x127.jpg/ff4444/ffffff,16
296,Raddy,Newbold,rnewbold87@aboutads.info,http://dummyimage.com/106x147.png/ff4444/ffffff,48
297,Mariann,Tabbernor,mtabbernor88@ft.com,http://dummyimage.com/208x222.png/cc0000/ffffff,10
298,Hamish,Marshland,hmarshland89@webs.com,http://dummyimage.com/174x249.jpg/dddddd/000000,21
299,Lazar,Zipsell,lzipsell8a@furl.net,http://dummyimage.com/158x136.bmp/dddddd/000000,10
300,Alberta,Rihanek,arihanek8b@mac.com,http://dummyimage.com/171x184.jpg/dddddd/000000,35
301,Orelee,Rodway,orodway8c@blog.com,http://dummyimage.com/185x151.jpg/cc0000/ffffff,35
302,Kacie,Plummer,kplummer8d@si.edu,http://dummyimage.com/201x118.png/cc0000/ffffff,24
303,Pauly,Twinning,ptwinning8e@biblegateway.com,http://dummyimage.com/222x204.bmp/cc0000/ffffff,24
304,Lucinda,Heinicke,lheinicke8f@oakley.com,http://dummyimage.com/139x164.jpg/5fa2dd/ffffff,42
305,Lorrie,Christoffersen,lchristoffersen8g@paginegialle.it,http://dummyimage.com/238x243.bmp/5fa2dd/ffffff,39
306,Roobbie,Hardie,rhardie8h@seesaa.net,http://dummyimage.com/200x173.jpg/cc0000/ffffff,30
307,Stephana,Beumant,sbeumant8i@washingtonpost.com,http://dummyimage.com/144x233.jpg/ff4444/ffffff,15
308,Kirbee,Robilliard,krobilliard8j@amazonaws.com,http://dummyimage.com/192x167.bmp/cc0000/ffffff,20
309,Bibby,Serrell,bserrell8k@skyrock.com,http://dummyimage.com/212x220.png/dddddd/000000,27
310,Rodolfo,Cansdill,rcansdill8l@plala.or.jp,http://dummyimage.com/138x248.png/dddddd/000000,33
311,Kipper,Greve,kgreve8m@xrea.com,http://dummyimage.com/134x210.bmp/5fa2dd/ffffff,44
312,Lesya,Clemon,lclemon8n@digg.com,http://dummyimage.com/172x136.jpg/ff4444/ffffff,37
313,Perrine,McDill,pmcdill8o@senate.gov,http://dummyimage.com/228x199.bmp/ff4444/ffffff,38
314,Adam,Arber,aarber8p@people.com.cn,http://dummyimage.com/114x125.bmp/dddddd/000000,13
315,Lionello,Tollit,ltollit8q@dagondesign.com,http://dummyimage.com/179x203.bmp/cc0000/ffffff,23
316,Arlinda,Gasquoine,agasquoine8r@yolasite.com,http://dummyimage.com/110x248.jpg/ff4444/ffffff,30
317,Steven,Galilee,sgalilee8s@naver.com,http://dummyimage.com/227x139.bmp/cc0000/ffffff,4
318,Josh,Edgin,jedgin8t@seattletimes.com,http://dummyimage.com/175x211.bmp/ff4444/ffffff,16
319,Waylin,Iddens,widdens8u@squarespace.com,http://dummyimage.com/118x146.bmp/dddddd/000000,19
320,Joleen,McElrea,jmcelrea8v@wunderground.com,http://dummyimage.com/209x117.bmp/cc0000/ffffff,16
321,Tabb,Corcut,tcorcut8w@cafepress.com,http://dummyimage.com/185x178.png/ff4444/ffffff,20
322,Luther,Kerans,lkerans8x@aboutads.info,http://dummyimage.com/219x200.jpg/cc0000/ffffff,38
323,Paulita,Virgoe,pvirgoe8y@foxnews.com,http://dummyimage.com/131x124.png/cc0000/ffffff,3
324,Emmalynn,Dahlbom,edahlbom8z@ca.gov,http://dummyimage.com/118x111.bmp/dddddd/000000,23
325,Elva,Cardenosa,ecardenosa90@weather.com,http://dummyimage.com/242x181.jpg/cc0000/ffffff,36
326,Max,Bolstridge,mbolstridge91@seattletimes.com,http://dummyimage.com/168x230.jpg/ff4444/ffffff,37
327,Lilllie,Folke,lfolke92@dailymotion.com,http://dummyimage.com/245x215.jpg/5fa2dd/ffffff,34
328,Alena,Belliss,abelliss93@netvibes.com,http://dummyimage.com/230x126.jpg/5fa2dd/ffffff,35
329,Justino,Ainsworth,jainsworth94@ftc.gov,http://dummyimage.com/205x201.png/ff4444/ffffff,22
330,Leia,Ballister,lballister95@foxnews.com,http://dummyimage.com/126x192.png/cc0000/ffffff,24
331,Darline,Bogie,dbogie96@msu.edu,http://dummyimage.com/103x117.png/cc0000/ffffff,18
332,Gunar,Zuann,gzuann97@xing.com,http://dummyimage.com/222x180.bmp/ff4444/ffffff,14
333,Pauly,Canton,pcanton98@yolasite.com,http://dummyimage.com/170x225.bmp/5fa2dd/ffffff,9
334,Johan,Amber,jamber99@admin.ch,http://dummyimage.com/132x234.png/dddddd/000000,33
335,Giulia,O'Driscole,godriscole9a@istockphoto.com,http://dummyimage.com/227x187.png/ff4444/ffffff,14
336,Saloma,Auten,sauten9b@boston.com,http://dummyimage.com/200x105.jpg/dddddd/000000,4
337,Ennis,Jickells,ejickells9c@wix.com,http://dummyimage.com/132x143.jpg/5fa2dd/ffffff,50
338,Alaine,Le Galle,alegalle9d@cbslocal.com,http://dummyimage.com/188x226.png/5fa2dd/ffffff,6
339,Ranee,Agg,ragg9e@tinypic.com,http://dummyimage.com/245x125.bmp/5fa2dd/ffffff,24
340,Georgeta,Whitters,gwhitters9f@cloudflare.com,http://dummyimage.com/233x108.bmp/ff4444/ffffff,11
341,Keven,Harnor,kharnor9g@answers.com,http://dummyimage.com/211x234.jpg/cc0000/ffffff,38
342,Maye,Lockhurst,mlockhurst9h@telegraph.co.uk,http://dummyimage.com/180x211.png/5fa2dd/ffffff,40
343,Taddeo,Artrick,tartrick9i@fotki.com,http://dummyimage.com/196x196.jpg/5fa2dd/ffffff,45
344,Major,Gallego,mgallego9j@wikipedia.org,http://dummyimage.com/248x184.png/5fa2dd/ffffff,22
345,Janaya,Birrane,jbirrane9k@cmu.edu,http://dummyimage.com/110x161.jpg/dddddd/000000,40
346,Clarissa,McGuane,cmcguane9l@stumbleupon.com,http://dummyimage.com/191x225.bmp/ff4444/ffffff,9
347,Ringo,Huson,rhuson9m@cocolog-nifty.com,http://dummyimage.com/142x116.jpg/cc0000/ffffff,14
348,Stormie,Deathridge,sdeathridge9n@storify.com,http://dummyimage.com/249x169.jpg/cc0000/ffffff,11
349,Orelia,Dixey,odixey9o@ucoz.ru,http://dummyimage.com/239x217.jpg/cc0000/ffffff,25
350,Erminie,Peret,eperet9p@marketwatch.com,http://dummyimage.com/221x121.bmp/5fa2dd/ffffff,35
351,Kendal,Greenham,kgreenham9q@yale.edu,http://dummyimage.com/194x180.png/dddddd/000000,2
352,Trudie,Raynham,traynham9r@scribd.com,http://dummyimage.com/121x106.jpg/5fa2dd/ffffff,7
353,Hannie,Stonhard,hstonhard9s@harvard.edu,http://dummyimage.com/138x184.jpg/dddddd/000000,40
354,Creight,Tomkin,ctomkin9t@oaic.gov.au,http://dummyimage.com/207x248.bmp/5fa2dd/ffffff,46
355,Cherry,Arington,carington9u@hp.com,http://dummyimage.com/143x209.bmp/dddddd/000000,2
356,Jonathon,Inkpen,jinkpen9v@mapquest.com,http://dummyimage.com/189x207.bmp/ff4444/ffffff,25
357,Harli,Arsnell,harsnell9w@t-online.de,http://dummyimage.com/121x234.png/cc0000/ffffff,23
358,Alyce,Mingardo,amingardo9x@about.me,http://dummyimage.com/162x227.png/dddddd/000000,46
359,Charo,Haggeth,chaggeth9y@ifeng.com,http://dummyimage.com/152x177.bmp/5fa2dd/ffffff,30
360,Annecorinne,Mackro,amackro9z@nba.com,http://dummyimage.com/227x223.jpg/dddddd/000000,42
361,Roy,Lavielle,rlaviellea0@businessweek.com,http://dummyimage.com/141x117.bmp/5fa2dd/ffffff,30
362,Rosella,Esslemont,resslemonta1@nifty.com,http://dummyimage.com/134x245.jpg/ff4444/ffffff,46
363,Dulciana,Copozio,dcopozioa2@etsy.com,http://dummyimage.com/135x216.jpg/5fa2dd/ffffff,38
364,Sylvan,Trustey,strusteya3@aboutads.info,http://dummyimage.com/111x159.png/5fa2dd/ffffff,19
365,Lilah,Runnicles,lrunniclesa4@istockphoto.com,http://dummyimage.com/197x161.bmp/dddddd/000000,39
366,Maureen,Kitter,mkittera5@berkeley.edu,http://dummyimage.com/222x148.jpg/5fa2dd/ffffff,43
367,Onfroi,Columbell,ocolumbella6@bandcamp.com,http://dummyimage.com/223x206.jpg/dddddd/000000,8
368,Hettie,Ionnidis,hionnidisa7@storify.com,http://dummyimage.com/161x116.png/dddddd/000000,5
369,Karlene,Crang,kcranga8@purevolume.com,http://dummyimage.com/132x150.bmp/ff4444/ffffff,30
370,Elysia,Thornewell,ethornewella9@nature.com,http://dummyimage.com/101x239.jpg/5fa2dd/ffffff,26
371,Theodore,Dumbleton,tdumbletonaa@webnode.com,http://dummyimage.com/234x195.bmp/ff4444/ffffff,12
372,Miof mela,Lamartine,mlamartineab@altervista.org,http://dummyimage.com/126x114.png/dddddd/000000,38
373,Darsey,Madge,dmadgeac@technorati.com,http://dummyimage.com/106x107.jpg/dddddd/000000,15
374,Olag,Bottrell,obottrellad@purevolume.com,http://dummyimage.com/135x157.jpg/cc0000/ffffff,18
375,Brandon,Shivell,bshivellae@hatena.ne.jp,http://dummyimage.com/106x192.png/ff4444/ffffff,38
376,Stevie,Girton,sgirtonaf@earthlink.net,http://dummyimage.com/127x236.jpg/cc0000/ffffff,36
377,Linnet,Bosence,lbosenceag@walmart.com,http://dummyimage.com/102x155.jpg/5fa2dd/ffffff,35
378,Eimile,Edelmann,eedelmannah@tinypic.com,http://dummyimage.com/235x107.png/5fa2dd/ffffff,33
379,Ellsworth,Peoples,epeoplesai@independent.co.uk,http://dummyimage.com/204x143.png/5fa2dd/ffffff,24
380,Brigham,Whitlow,bwhitlowaj@example.com,http://dummyimage.com/246x237.png/dddddd/000000,32
381,Ozzy,Pods,opodsak@sciencedaily.com,http://dummyimage.com/120x105.bmp/dddddd/000000,19
382,Montague,Sawtell,msawtellal@unc.edu,http://dummyimage.com/109x168.bmp/5fa2dd/ffffff,21
383,Isacco,Phillps,iphillpsam@over-blog.com,http://dummyimage.com/151x155.png/dddddd/000000,30
384,Gerard,Middell,gmiddellan@google.ru,http://dummyimage.com/173x168.jpg/ff4444/ffffff,44
385,Blakeley,Renowden,brenowdenao@oracle.com,http://dummyimage.com/127x192.jpg/ff4444/ffffff,49
386,Skip,Brigg,sbriggap@blog.com,http://dummyimage.com/234x238.bmp/dddddd/000000,41
387,Rosmunda,Bray,rbrayaq@merriam-webster.com,http://dummyimage.com/218x115.png/dddddd/000000,22
388,Elsa,O' Meara,eomearaar@usda.gov,http://dummyimage.com/159x179.jpg/cc0000/ffffff,42
389,Hale,Dingley,hdingleyas@vinaora.com,http://dummyimage.com/173x236.bmp/cc0000/ffffff,49
390,Averil,Wardall,awardallat@printfriendly.com,http://dummyimage.com/243x124.bmp/ff4444/ffffff,42
391,Jammal,Jaumet,jjaumetau@aol.com,http://dummyimage.com/196x154.bmp/5fa2dd/ffffff,12
392,Lockwood,Ainley,lainleyav@statcounter.com,http://dummyimage.com/180x248.png/dddddd/000000,14
393,Illa,Thumann,ithumannaw@redcross.org,http://dummyimage.com/245x105.jpg/dddddd/000000,41
394,Valaria,Pobjay,vpobjayax@storify.com,http://dummyimage.com/240x105.bmp/ff4444/ffffff,43
395,Joan,Mantram,jmantramay@123-reg.co.uk,http://dummyimage.com/246x163.jpg/ff4444/ffffff,14
396,Courtenay,Cleatherow,ccleatherowaz@edublogs.org,http://dummyimage.com/156x225.png/cc0000/ffffff,20
397,Katha,Fulle,kfulleb0@reverbnation.com,http://dummyimage.com/130x102.png/dddddd/000000,47
398,Paloma,Burrus,pburrusb1@google.de,http://dummyimage.com/181x190.png/dddddd/000000,21
399,Alis,Flann,aflannb2@t-online.de,http://dummyimage.com/124x114.jpg/5fa2dd/ffffff,16
400,Janie,Rix,jrixb3@netlog.com,http://dummyimage.com/188x182.bmp/cc0000/ffffff,47
401,Shalne,Chaster,schasterb4@google.it,http://dummyimage.com/101x208.png/ff4444/ffffff,20
402,Wilfred,Sidney,wsidneyb5@google.co.jp,http://dummyimage.com/110x187.png/5fa2dd/ffffff,25
403,Morissa,Malloch,mmallochb6@flickr.com,http://dummyimage.com/236x161.png/dddddd/000000,1
404,Petronilla,Purrier,ppurrierb7@cdc.gov,http://dummyimage.com/233x106.png/cc0000/ffffff,30
405,Morton,Humbell,mhumbellb8@google.co.uk,http://dummyimage.com/218x172.bmp/cc0000/ffffff,25
406,Samuele,Lemasney,slemasneyb9@sbwire.com,http://dummyimage.com/211x168.png/cc0000/ffffff,24
407,Stanislaw,Ballefant,sballefantba@webnode.com,http://dummyimage.com/174x232.bmp/cc0000/ffffff,12
408,Larry,Gateley,lgateleybb@nytimes.com,http://dummyimage.com/224x155.jpg/dddddd/000000,5
409,Cori,Orr,corrbc@so-net.ne.jp,http://dummyimage.com/173x105.jpg/dddddd/000000,37
410,Corliss,Swadlinge,cswadlingebd@irs.gov,http://dummyimage.com/234x197.jpg/dddddd/000000,44
411,Ronnie,Spini,rspinibe@pcworld.com,http://dummyimage.com/174x215.jpg/dddddd/000000,41
412,Erwin,Henfre,ehenfrebf@google.pl,http://dummyimage.com/130x187.jpg/dddddd/000000,48
413,Marthena,Otterwell,motterwellbg@etsy.com,http://dummyimage.com/149x166.png/dddddd/000000,32
414,Annabela,Bollins,abollinsbh@cbc.ca,http://dummyimage.com/243x167.jpg/dddddd/000000,39
415,Janna,Plinck,jplinckbi@comsenz.com,http://dummyimage.com/242x142.jpg/dddddd/000000,46
416,Harrison,Leivesley,hleivesleybj@elpais.com,http://dummyimage.com/132x157.bmp/5fa2dd/ffffff,22
417,Angel,Lillecrap,alillecrapbk@tamu.edu,http://dummyimage.com/101x149.png/cc0000/ffffff,24
418,Terrell,Sifflett,tsifflettbl@biglobe.ne.jp,http://dummyimage.com/192x222.png/ff4444/ffffff,50
419,Angus,Dodridge,adodridgebm@ihg.com,http://dummyimage.com/185x192.bmp/5fa2dd/ffffff,47
420,Bonnee,Eddleston,beddlestonbn@nsw.gov.au,http://dummyimage.com/211x199.jpg/dddddd/000000,47
421,Marin,Tothacot,mtothacotbo@ftc.gov,http://dummyimage.com/102x150.png/dddddd/000000,23
422,Marrilee,McNeillie,mmcneilliebp@msn.com,http://dummyimage.com/115x193.bmp/cc0000/ffffff,16
423,Jerrilee,Benech,jbenechbq@wordpress.org,http://dummyimage.com/119x201.bmp/cc0000/ffffff,17
424,Charyl,Cadreman,ccadremanbr@psu.edu,http://dummyimage.com/195x229.png/dddddd/000000,3
425,Wes,Flukes,wflukesbs@chronoengine.com,http://dummyimage.com/134x177.jpg/cc0000/ffffff,46
426,Lyndsie,Kidstone,lkidstonebt@discovery.com,http://dummyimage.com/150x102.png/5fa2dd/ffffff,49
427,Amye,Evins,aevinsbu@studiopress.com,http://dummyimage.com/177x227.jpg/ff4444/ffffff,27
428,Chance,Pesticcio,cpesticciobv@digg.com,http://dummyimage.com/223x138.bmp/dddddd/000000,31
429,Russ,Sisnett,rsisnettbw@tmall.com,http://dummyimage.com/182x192.jpg/cc0000/ffffff,36
430,Danna,Meggison,dmeggisonbx@narod.ru,http://dummyimage.com/192x234.jpg/dddddd/000000,33
431,Moselle,Schrei,mschreiby@altervista.org,http://dummyimage.com/116x173.png/5fa2dd/ffffff,35
432,Pauli,Deares,pdearesbz@yandex.ru,http://dummyimage.com/190x159.bmp/5fa2dd/ffffff,39
433,Tremain,Youd,tyoudc0@soundcloud.com,http://dummyimage.com/226x102.png/dddddd/000000,22
434,Kellina,Ferreira,kferreirac1@google.co.jp,http://dummyimage.com/151x210.jpg/5fa2dd/ffffff,27
435,Kamilah,Donke,kdonkec2@bbb.org,http://dummyimage.com/119x145.jpg/cc0000/ffffff,37
436,Mylo,Bauduin,mbauduinc3@phoca.cz,http://dummyimage.com/151x186.png/5fa2dd/ffffff,31
437,Sauncho,Lichfield,slichfieldc4@cloudflare.com,http://dummyimage.com/143x225.png/5fa2dd/ffffff,19
438,Alphonso,Hindenberger,ahindenbergerc5@dion.ne.jp,http://dummyimage.com/123x233.png/cc0000/ffffff,34
439,Lewiss,Pawlick,lpawlickc6@wordpress.org,http://dummyimage.com/183x153.png/cc0000/ffffff,36
440,Evangelin,Painter,epainterc7@house.gov,http://dummyimage.com/167x200.jpg/5fa2dd/ffffff,29
441,Marrissa,Misson,mmissonc8@goodreads.com,http://dummyimage.com/167x249.bmp/5fa2dd/ffffff,27
442,Oona,Garham,ogarhamc9@shop-pro.jp,http://dummyimage.com/154x111.jpg/cc0000/ffffff,41
443,Filberto,Melvin,fmelvinca@infoseek.co.jp,http://dummyimage.com/184x245.png/cc0000/ffffff,29
444,Diego,Clappison,dclappisoncb@qq.com,http://dummyimage.com/129x159.png/ff4444/ffffff,20
445,Willem,Gawkroge,wgawkrogecc@vk.com,http://dummyimage.com/191x164.bmp/5fa2dd/ffffff,5
446,Marla,Margaritelli,mmargaritellicd@fastcompany.com,http://dummyimage.com/223x169.jpg/5fa2dd/ffffff,48
447,Wilmer,Stove,wstovece@163.com,http://dummyimage.com/240x206.png/cc0000/ffffff,18
448,Noble,Dillinton,ndillintoncf@diigo.com,http://dummyimage.com/242x199.bmp/dddddd/000000,14
449,Keelby,Szimon,kszimoncg@dropbox.com,http://dummyimage.com/133x182.jpg/ff4444/ffffff,42
450,Rice,Beeck,rbeeckch@com.com,http://dummyimage.com/162x234.jpg/ff4444/ffffff,39
451,Camila,Wallwork,cwallworkci@spotify.com,http://dummyimage.com/116x164.jpg/5fa2dd/ffffff,16
452,Luigi,Jakeman,ljakemancj@usa.gov,http://dummyimage.com/141x125.png/dddddd/000000,2
453,Nettle,Bernholt,nbernholtck@google.nl,http://dummyimage.com/180x175.bmp/cc0000/ffffff,49
454,Connie,Wadelin,cwadelincl@kickstarter.com,http://dummyimage.com/105x217.bmp/dddddd/000000,17
455,Amerigo,Clemenson,aclemensoncm@tuttocitta.it,http://dummyimage.com/218x200.png/dddddd/000000,37
456,Larissa,Paxforde,lpaxfordecn@blogs.com,http://dummyimage.com/232x227.jpg/cc0000/ffffff,46
457,Lexi,Clougher,lclougherco@cbsnews.com,http://dummyimage.com/127x227.png/ff4444/ffffff,6
458,Odilia,Bassom,obassomcp@jalbum.net,http://dummyimage.com/194x197.png/ff4444/ffffff,7
459,Daveta,Tilbrook,dtilbrookcq@upenn.edu,http://dummyimage.com/139x215.bmp/5fa2dd/ffffff,7
460,Ariella,Wheatley,awheatleycr@vimeo.com,http://dummyimage.com/160x157.jpg/5fa2dd/ffffff,18
461,Staffard,Freestone,sfreestonecs@foxnews.com,http://dummyimage.com/172x193.png/5fa2dd/ffffff,38
462,Ermin,Foot,efootct@time.com,http://dummyimage.com/174x183.png/dddddd/000000,45
463,Emma,Rottcher,erottchercu@omniture.com,http://dummyimage.com/165x109.jpg/cc0000/ffffff,16
464,Aurora,Dollen,adollencv@a8.net,http://dummyimage.com/118x243.png/dddddd/000000,19
465,Goldy,Smees,gsmeescw@spotify.com,http://dummyimage.com/173x157.jpg/cc0000/ffffff,16
466,Sasha,Kalinowsky,skalinowskycx@phoca.cz,http://dummyimage.com/114x165.jpg/cc0000/ffffff,47
467,Devlen,Longland,dlonglandcy@de.vu,http://dummyimage.com/139x213.jpg/cc0000/ffffff,25
468,Gilly,Seak,gseakcz@engadget.com,http://dummyimage.com/129x182.jpg/dddddd/000000,17
469,Dreddy,Luby,dlubyd0@alibaba.com,http://dummyimage.com/234x139.jpg/5fa2dd/ffffff,35
470,Athena,Corrington,acorringtond1@eepurl.com,http://dummyimage.com/214x235.bmp/cc0000/ffffff,31
471,Garey,Fuxman,gfuxmand2@tripod.com,http://dummyimage.com/227x218.jpg/cc0000/ffffff,14
472,Lowe,Henfre,lhenfred3@tripadvisor.com,http://dummyimage.com/136x167.jpg/5fa2dd/ffffff,8
473,Tarah,Hustings,thustingsd4@joomla.org,http://dummyimage.com/115x239.jpg/dddddd/000000,5
474,Ulla,Mateus,umateusd5@adobe.com,http://dummyimage.com/103x247.jpg/5fa2dd/ffffff,17
475,Kata,Reucastle,kreucastled6@cmu.edu,http://dummyimage.com/105x113.bmp/ff4444/ffffff,6
476,Wilbur,Toffolini,wtoffolinid7@google.com.br,http://dummyimage.com/103x196.png/dddddd/000000,46
477,Finlay,Stuchbury,fstuchburyd8@adobe.com,http://dummyimage.com/208x212.jpg/cc0000/ffffff,32
478,Valencia,Abbets,vabbetsd9@youtu.be,http://dummyimage.com/211x227.bmp/cc0000/ffffff,37
479,Vivia,Lippiello,vlippielloda@ftc.gov,http://dummyimage.com/196x112.bmp/ff4444/ffffff,49
480,Archy,Dady,adadydb@linkedin.com,http://dummyimage.com/106x130.png/5fa2dd/ffffff,41
481,Kirstin,Howland,khowlanddc@mayoclinic.com,http://dummyimage.com/186x136.png/5fa2dd/ffffff,36
482,Ealasaid,Lightman,elightmandd@histats.com,http://dummyimage.com/133x135.png/dddddd/000000,43
483,Georgianne,Rolfini,grolfinide@amazon.de,http://dummyimage.com/205x112.png/5fa2dd/ffffff,20
484,Even,Thurbon,ethurbondf@unblog.fr,http://dummyimage.com/183x213.png/dddddd/000000,22
485,Maynard,Sevior,mseviordg@g.co,http://dummyimage.com/188x141.bmp/5fa2dd/ffffff,20
486,Pascale,Blenkhorn,pblenkhorndh@deliciousdays.com,http://dummyimage.com/113x192.jpg/cc0000/ffffff,39
487,Elfreda,Keattch,ekeattchdi@weebly.com,http://dummyimage.com/170x230.png/ff4444/ffffff,50
488,Collin,Karppi,ckarppidj@buzzfeed.com,http://dummyimage.com/116x114.jpg/cc0000/ffffff,19
489,Ginnie,Hicklingbottom,ghicklingbottomdk@businessinsider.com,http://dummyimage.com/162x167.jpg/ff4444/ffffff,40
490,Shannon,Kembry,skembrydl@webmd.com,http://dummyimage.com/144x232.bmp/ff4444/ffffff,38
491,Roseann,Christou,rchristoudm@ucla.edu,http://dummyimage.com/103x134.bmp/cc0000/ffffff,32
492,Lou,Ghilardini,lghilardinidn@ezinearticles.com,http://dummyimage.com/162x163.png/5fa2dd/ffffff,41
493,Ryan,Fforde,rffordedo@merriam-webster.com,http://dummyimage.com/188x108.bmp/dddddd/000000,29
494,Sam,Ardling,sardlingdp@github.com,http://dummyimage.com/158x243.bmp/5fa2dd/ffffff,32
495,Fawnia,Goodanew,fgoodanewdq@storify.com,http://dummyimage.com/175x195.bmp/dddddd/000000,50
496,Luelle,Bubb,lbubbdr@biglobe.ne.jp,http://dummyimage.com/238x247.jpg/cc0000/ffffff,47
497,Raeann,Fleeman,rfleemands@blogs.com,http://dummyimage.com/103x232.bmp/cc0000/ffffff,30
498,Paolina,Alabastar,palabastardt@cisco.com,http://dummyimage.com/105x112.jpg/ff4444/ffffff,28
499,Corene,Parlett,cparlettdu@bandcamp.com,http://dummyimage.com/139x172.bmp/5fa2dd/ffffff,21
500,Patric,Maultby,pmaultbydv@netscape.com,http://dummyimage.com/231x121.jpg/cc0000/ffffff,35
501,Reeta,Darko,rdarkodw@wordpress.org,http://dummyimage.com/247x235.jpg/ff4444/ffffff,35
502,Boony,Lutz,blutzdx@netlog.com,http://dummyimage.com/158x192.bmp/5fa2dd/ffffff,6
503,Donnell,Bembridge,dbembridgedy@uiuc.edu,http://dummyimage.com/165x168.bmp/cc0000/ffffff,25
504,Birdie,Strood,bstrooddz@europa.eu,http://dummyimage.com/190x167.jpg/ff4444/ffffff,10
505,Mag,Tiery,mtierye0@posterous.com,http://dummyimage.com/103x218.bmp/ff4444/ffffff,39
506,Phebe,Thoms,pthomse1@smugmug.com,http://dummyimage.com/192x118.bmp/cc0000/ffffff,5
507,Deana,Hatherill,dhatherille2@youtu.be,http://dummyimage.com/150x121.jpg/cc0000/ffffff,31
508,Leola,Mullan,lmullane3@gov.uk,http://dummyimage.com/175x144.bmp/5fa2dd/ffffff,35
509,Lucy,Palfreyman,lpalfreymane4@bigcartel.com,http://dummyimage.com/245x164.png/dddddd/000000,23
510,Vicki,Caltera,vcalterae5@cam.ac.uk,http://dummyimage.com/248x246.png/cc0000/ffffff,28
511,Rand,Marvell,rmarvelle6@addthis.com,http://dummyimage.com/107x145.jpg/dddddd/000000,32
512,Bobine,Gilpillan,bgilpillane7@ebay.co.uk,http://dummyimage.com/215x213.jpg/ff4444/ffffff,35
513,Mavra,Sandercroft,msandercrofte8@boston.com,http://dummyimage.com/140x211.png/5fa2dd/ffffff,12
514,Theresina,Kemsley,tkemsleye9@prnewswire.com,http://dummyimage.com/247x154.bmp/ff4444/ffffff,27
515,Hubie,Davidovich,hdavidovichea@rakuten.co.jp,http://dummyimage.com/141x221.bmp/5fa2dd/ffffff,50
516,Titos,Ells,tellseb@ihg.com,http://dummyimage.com/171x173.bmp/dddddd/000000,34
517,Linzy,Santacrole,lsantacroleec@blogspot.com,http://dummyimage.com/154x210.png/5fa2dd/ffffff,22
518,Eleonore,Praundlin,epraundlined@time.com,http://dummyimage.com/243x161.png/dddddd/000000,4
519,Latrina,Busek,lbusekee@europa.eu,http://dummyimage.com/155x139.png/cc0000/ffffff,37
520,Kahaleel,Jindrich,kjindrichef@rakuten.co.jp,http://dummyimage.com/247x116.bmp/ff4444/ffffff,25
521,Tabbie,Boken,tbokeneg@toplist.cz,http://dummyimage.com/172x194.jpg/dddddd/000000,32
522,Liv,Keighley,lkeighleyeh@washingtonpost.com,http://dummyimage.com/102x208.jpg/ff4444/ffffff,4
523,Tanhya,Belitz,tbelitzei@ask.com,http://dummyimage.com/159x103.png/dddddd/000000,21
524,Belle,Doornbos,bdoornbosej@alexa.com,http://dummyimage.com/248x112.png/ff4444/ffffff,48
525,Karel,Mirando,kmirandoek@opensource.org,http://dummyimage.com/195x236.jpg/5fa2dd/ffffff,14
526,Pail,Pickance,ppickanceel@feedburner.com,http://dummyimage.com/142x168.jpg/5fa2dd/ffffff,30
527,Cordey,Calam,ccalamem@github.io,http://dummyimage.com/184x185.jpg/5fa2dd/ffffff,43
528,Niel,Vickors,nvickorsen@instagram.com,http://dummyimage.com/223x157.png/cc0000/ffffff,4
529,Jefferey,Goldsbury,jgoldsburyeo@unicef.org,http://dummyimage.com/201x160.bmp/dddddd/000000,10
530,Charmion,Keme,ckemeep@sbwire.com,http://dummyimage.com/202x161.jpg/5fa2dd/ffffff,1
531,Vinny,Raggles,vraggleseq@ebay.co.uk,http://dummyimage.com/176x185.bmp/ff4444/ffffff,18
532,Bili,Waterhous,bwaterhouser@reverbnation.com,http://dummyimage.com/177x223.bmp/dddddd/000000,31
533,Ebba,Banishevitz,ebanishevitzes@marketwatch.com,http://dummyimage.com/237x180.png/ff4444/ffffff,11
534,Bride,Scurrey,bscurreyet@list-manage.com,http://dummyimage.com/171x193.png/cc0000/ffffff,4
535,Veradis,Stothert,vstotherteu@nsw.gov.au,http://dummyimage.com/218x163.bmp/cc0000/ffffff,47
536,Beverly,Phizackarley,bphizackarleyev@163.com,http://dummyimage.com/222x156.jpg/cc0000/ffffff,16
537,Bron,Eyckel,beyckelew@weather.com,http://dummyimage.com/201x166.jpg/dddddd/000000,19
538,Lucie,Eschelle,leschelleex@go.com,http://dummyimage.com/193x192.png/dddddd/000000,28
539,Grier,Andrew,gandrewey@wikimedia.org,http://dummyimage.com/231x248.png/dddddd/000000,9
540,Arther,Tomaszek,atomaszekez@plala.or.jp,http://dummyimage.com/229x163.jpg/cc0000/ffffff,26
541,Marylin,Stocking,mstockingf0@hibu.com,http://dummyimage.com/109x237.jpg/cc0000/ffffff,38
542,Arlie,Adamovsky,aadamovskyf1@cdbaby.com,http://dummyimage.com/162x157.bmp/ff4444/ffffff,27
543,Hi,Caffery,hcafferyf2@mtv.com,http://dummyimage.com/168x181.jpg/5fa2dd/ffffff,42
544,Blondell,Wichard,bwichardf3@mysql.com,http://dummyimage.com/218x160.png/dddddd/000000,47
545,Quinta,Mansel,qmanself4@indiegogo.com,http://dummyimage.com/126x135.bmp/dddddd/000000,14
546,Trisha,Geerdts,tgeerdtsf5@exblog.jp,http://dummyimage.com/156x125.bmp/dddddd/000000,2
547,Chaddy,Fishwick,cfishwickf6@nps.gov,http://dummyimage.com/214x124.bmp/ff4444/ffffff,2
548,Patton,Aikett,paikettf7@blogspot.com,http://dummyimage.com/127x234.png/cc0000/ffffff,23
549,Eddie,Gilffilland,egilffillandf8@barnesandnoble.com,http://dummyimage.com/216x110.png/5fa2dd/ffffff,43
550,Sharon,Boler,sbolerf9@cnbc.com,http://dummyimage.com/147x127.jpg/5fa2dd/ffffff,36
551,Meriel,Blaksley,mblaksleyfa@tinyurl.com,http://dummyimage.com/205x243.bmp/5fa2dd/ffffff,11
552,Lilas,Abbatini,labbatinifb@instagram.com,http://dummyimage.com/127x177.bmp/dddddd/000000,19
553,Flo,Dradey,fdradeyfc@home.pl,http://dummyimage.com/204x116.jpg/cc0000/ffffff,18
554,Anthia,Edworthy,aedworthyfd@liveinternet.ru,http://dummyimage.com/145x154.png/dddddd/000000,31
555,Ilise,Thomassin,ithomassinfe@goo.gl,http://dummyimage.com/117x164.png/dddddd/000000,40
556,Juanita,Flecknoe,jflecknoeff@lulu.com,http://dummyimage.com/200x229.png/dddddd/000000,22
557,Alfy,Belison,abelisonfg@sohu.com,http://dummyimage.com/161x191.bmp/5fa2dd/ffffff,24
558,Yancy,De Francesco,ydefrancescofh@smh.com.au,http://dummyimage.com/181x126.bmp/dddddd/000000,40
559,Hestia,Warbeys,hwarbeysfi@harvard.edu,http://dummyimage.com/193x235.jpg/dddddd/000000,21
560,Morgun,Lilburn,mlilburnfj@hud.gov,http://dummyimage.com/136x198.jpg/5fa2dd/ffffff,17
561,Lin,Giacubo,lgiacubofk@aboutads.info,http://dummyimage.com/218x223.jpg/dddddd/000000,10
562,Umeko,Shreenan,ushreenanfl@goo.ne.jp,http://dummyimage.com/178x182.jpg/dddddd/000000,35
563,Iggie,Doxey,idoxeyfm@bandcamp.com,http://dummyimage.com/112x179.jpg/cc0000/ffffff,35
564,Henriette,Keson,hkesonfn@sohu.com,http://dummyimage.com/227x246.jpg/dddddd/000000,8
565,Cece,Sextone,csextonefo@opera.com,http://dummyimage.com/188x228.png/ff4444/ffffff,38
566,Hunt,Paulitschke,hpaulitschkefp@g.co,http://dummyimage.com/198x227.png/5fa2dd/ffffff,24
567,Odella,Duxbarry,oduxbarryfq@networksolutions.com,http://dummyimage.com/172x152.bmp/ff4444/ffffff,47
568,Willamina,Casolla,wcasollafr@friendfeed.com,http://dummyimage.com/124x112.bmp/5fa2dd/ffffff,35
569,Markos,Stichall,mstichallfs@geocities.com,http://dummyimage.com/197x148.bmp/cc0000/ffffff,8
570,Isabelle,Peggram,ipeggramft@google.it,http://dummyimage.com/250x246.bmp/ff4444/ffffff,34
571,Dasie,Semble,dsemblefu@chronoengine.com,http://dummyimage.com/163x152.jpg/cc0000/ffffff,10
572,Nessie,Buxam,nbuxamfv@about.com,http://dummyimage.com/179x229.png/ff4444/ffffff,46
573,Bekki,Pease,bpeasefw@surveymonkey.com,http://dummyimage.com/181x224.jpg/5fa2dd/ffffff,32
574,Fanchon,Headley,fheadleyfx@stumbleupon.com,http://dummyimage.com/150x104.jpg/ff4444/ffffff,48
575,Chrissy,Guinane,cguinanefy@ted.com,http://dummyimage.com/183x114.bmp/cc0000/ffffff,28
576,Homerus,Loachhead,hloachheadfz@umich.edu,http://dummyimage.com/103x211.bmp/cc0000/ffffff,50
577,Desmond,Burgin,dburging0@reference.com,http://dummyimage.com/150x137.jpg/ff4444/ffffff,10
578,Zollie,Giorgietto,zgiorgiettog1@house.gov,http://dummyimage.com/147x172.png/cc0000/ffffff,33
579,Krista,Wessel,kwesselg2@elpais.com,http://dummyimage.com/225x148.png/5fa2dd/ffffff,26
580,Sebastiano,Isbell,sisbellg3@army.mil,http://dummyimage.com/118x112.bmp/5fa2dd/ffffff,34
581,Sinclair,Liver,sliverg4@delicious.com,http://dummyimage.com/188x150.png/cc0000/ffffff,27
582,Debbi,Gillio,dgilliog5@goo.ne.jp,http://dummyimage.com/180x125.jpg/dddddd/000000,22
583,Clem,Vedyaev,cvedyaevg6@arstechnica.com,http://dummyimage.com/175x115.png/cc0000/ffffff,29
584,Letti,Anster,lansterg7@woothemes.com,http://dummyimage.com/153x128.bmp/5fa2dd/ffffff,32
585,Bill,Gaunson,bgaunsong8@unesco.org,http://dummyimage.com/177x247.png/5fa2dd/ffffff,50
586,Glynda,Laurenzi,glaurenzig9@nsw.gov.au,http://dummyimage.com/227x230.png/dddddd/000000,33
587,Connie,Monget,cmongetga@cdbaby.com,http://dummyimage.com/181x137.bmp/5fa2dd/ffffff,10
588,Maynard,Cecchetelli,mcecchetelligb@addthis.com,http://dummyimage.com/132x134.jpg/cc0000/ffffff,10
589,Jordan,Sicily,jsicilygc@w3.org,http://dummyimage.com/147x112.bmp/dddddd/000000,11
590,Luis,Merali,lmeraligd@economist.com,http://dummyimage.com/147x114.png/dddddd/000000,14
591,Sari,Benton,sbentonge@ezinearticles.com,http://dummyimage.com/173x160.bmp/5fa2dd/ffffff,20
592,Lucias,Varah,lvarahgf@tiny.cc,http://dummyimage.com/149x200.png/ff4444/ffffff,31
593,Rodrick,Patty,rpattygg@cafepress.com,http://dummyimage.com/143x103.bmp/cc0000/ffffff,10
594,Emmalynne,Ettery,eetterygh@huffingtonpost.com,http://dummyimage.com/210x126.jpg/5fa2dd/ffffff,41
595,Appolonia,Sibley,asibleygi@sbwire.com,http://dummyimage.com/234x131.png/dddddd/000000,36
596,Ashely,Schoenfisch,aschoenfischgj@newsvine.com,http://dummyimage.com/182x200.png/cc0000/ffffff,22
597,Alvina,Flockhart,aflockhartgk@uol.com.br,http://dummyimage.com/243x233.png/5fa2dd/ffffff,4
598,Worth,MacGille,wmacgillegl@cnbc.com,http://dummyimage.com/186x207.jpg/dddddd/000000,10
599,Lorette,Eliaz,leliazgm@github.com,http://dummyimage.com/126x239.jpg/ff4444/ffffff,38
600,Ingra,Northwood,inorthwoodgn@t.co,http://dummyimage.com/102x249.jpg/dddddd/000000,12
601,Ingeberg,Gammie,igammiego@imgur.com,http://dummyimage.com/220x149.bmp/dddddd/000000,11
602,Vinny,Snowball,vsnowballgp@admin.ch,http://dummyimage.com/120x182.jpg/cc0000/ffffff,17
603,Cherie,Midgley,cmidgleygq@ft.com,http://dummyimage.com/173x181.jpg/cc0000/ffffff,47
604,Tye,Pfeffle,tpfefflegr@cam.ac.uk,http://dummyimage.com/170x242.png/ff4444/ffffff,50
605,Barton,Wyldish,bwyldishgs@4shared.com,http://dummyimage.com/223x248.jpg/dddddd/000000,18
606,Haskel,Brentnall,hbrentnallgt@opensource.org,http://dummyimage.com/167x248.jpg/dddddd/000000,39
607,Normy,McClintock,nmcclintockgu@fc2.com,http://dummyimage.com/133x214.jpg/dddddd/000000,31
608,Margie,Jefferson,mjeffersongv@berkeley.edu,http://dummyimage.com/222x180.bmp/5fa2dd/ffffff,36
609,Abby,Murkitt,amurkittgw@bloomberg.com,http://dummyimage.com/117x224.png/cc0000/ffffff,7
610,Dan,Llewellyn,dllewellyngx@over-blog.com,http://dummyimage.com/248x235.bmp/dddddd/000000,13
611,Yulma,Chiommienti,ychiommientigy@pagesperso-orange.fr,http://dummyimage.com/124x215.png/ff4444/ffffff,38
612,Sutherland,Tutill,stutillgz@dot.gov,http://dummyimage.com/232x220.png/dddddd/000000,30
613,Rafaelita,Lofthouse,rlofthouseh0@nydailynews.com,http://dummyimage.com/195x126.jpg/cc0000/ffffff,40
614,Alfy,Mackelworth,amackelworthh1@infoseek.co.jp,http://dummyimage.com/217x208.bmp/dddddd/000000,5
615,Annis,Ahrend,aahrendh2@comcast.net,http://dummyimage.com/180x202.png/5fa2dd/ffffff,46
616,Deloris,Ksandra,dksandrah3@paypal.com,http://dummyimage.com/147x166.jpg/ff4444/ffffff,46
617,Fields,Van der Baaren,fvanderbaarenh4@aboutads.info,http://dummyimage.com/201x238.jpg/dddddd/000000,44
618,Ignacius,Baccas,ibaccash5@ft.com,http://dummyimage.com/215x177.png/cc0000/ffffff,5
619,Cynthie,Meah,cmeahh6@pbs.org,http://dummyimage.com/164x136.jpg/ff4444/ffffff,7
620,Evelyn,Harper,eharperh7@yahoo.co.jp,http://dummyimage.com/217x233.jpg/ff4444/ffffff,32
621,Franny,Witson,fwitsonh8@rakuten.co.jp,http://dummyimage.com/229x171.png/cc0000/ffffff,45
622,Kelsey,Scoines,kscoinesh9@canalblog.com,http://dummyimage.com/135x220.jpg/5fa2dd/ffffff,11
623,Demetri,Seden,dsedenha@is.gd,http://dummyimage.com/225x120.jpg/dddddd/000000,37
624,Ibby,Meadows,imeadowshb@businessinsider.com,http://dummyimage.com/223x205.bmp/ff4444/ffffff,12
625,Gunar,Capes,gcapeshc@oakley.com,http://dummyimage.com/232x143.jpg/cc0000/ffffff,14
626,Lance,Tapscott,ltapscotthd@ovh.net,http://dummyimage.com/222x213.bmp/dddddd/000000,21
627,Pietrek,Francesconi,pfrancesconihe@soundcloud.com,http://dummyimage.com/121x212.jpg/5fa2dd/ffffff,35
628,Colette,MacLise,cmaclisehf@vkontakte.ru,http://dummyimage.com/134x232.jpg/cc0000/ffffff,12
629,Chrotoem,Evenden,cevendenhg@google.es,http://dummyimage.com/108x112.jpg/cc0000/ffffff,14
630,Zacherie,Le Frank,zlefrankhh@pinterest.com,http://dummyimage.com/156x128.png/5fa2dd/ffffff,50
631,Walliw,Messier,wmessierhi@sphinn.com,http://dummyimage.com/205x166.bmp/dddddd/000000,11
632,Ulrike,Jansson,ujanssonhj@twitpic.com,http://dummyimage.com/233x146.jpg/ff4444/ffffff,44
633,Darla,MacClancey,dmacclanceyhk@mediafire.com,http://dummyimage.com/115x173.bmp/dddddd/000000,5
634,Roy,Steinhammer,rsteinhammerhl@redcross.org,http://dummyimage.com/110x168.jpg/dddddd/000000,40
635,Angie,Lanchbery,alanchberyhm@unc.edu,http://dummyimage.com/185x249.bmp/5fa2dd/ffffff,14
636,Dulciana,Kittman,dkittmanhn@hubpages.com,http://dummyimage.com/247x181.bmp/5fa2dd/ffffff,3
637,Ruthy,Janoch,rjanochho@webs.com,http://dummyimage.com/237x228.png/dddddd/000000,9
638,Celeste,Harmer,charmerhp@infoseek.co.jp,http://dummyimage.com/111x107.jpg/5fa2dd/ffffff,39
639,Adelaide,Lineen,alineenhq@mozilla.com,http://dummyimage.com/100x183.jpg/5fa2dd/ffffff,2
640,Hillie,Leete,hleetehr@soup.io,http://dummyimage.com/213x179.png/dddddd/000000,49
641,Ad,Desson,adessonhs@e-recht24.de,http://dummyimage.com/132x226.jpg/dddddd/000000,32
642,Ethelyn,Lammiman,elammimanht@state.tx.us,http://dummyimage.com/101x110.jpg/ff4444/ffffff,47
643,Danya,Aland,dalandhu@gizmodo.com,http://dummyimage.com/230x107.bmp/5fa2dd/ffffff,13
644,Frannie,Meric,fmerichv@economist.com,http://dummyimage.com/229x209.jpg/dddddd/000000,16
645,Bevon,Hynard,bhynardhw@yale.edu,http://dummyimage.com/120x236.png/cc0000/ffffff,47
646,Evvie,Baldacchino,ebaldacchinohx@ning.com,http://dummyimage.com/178x165.png/ff4444/ffffff,34
647,Normy,Goncalo,ngoncalohy@census.gov,http://dummyimage.com/223x213.jpg/dddddd/000000,10
648,Shay,Watson,swatsonhz@ihg.com,http://dummyimage.com/164x126.bmp/5fa2dd/ffffff,31
649,Dodie,McCurley,dmccurleyi0@uiuc.edu,http://dummyimage.com/185x208.png/dddddd/000000,36
650,Antonella,Cosford,acosfordi1@imageshack.us,http://dummyimage.com/112x101.jpg/cc0000/ffffff,29
651,Carmina,McCheyne,cmccheynei2@histats.com,http://dummyimage.com/164x192.jpg/5fa2dd/ffffff,31
652,Menard,Ibbotson,mibbotsoni3@skype.com,http://dummyimage.com/169x157.png/ff4444/ffffff,25
653,Doralyn,Lemasney,dlemasneyi4@creativecommons.org,http://dummyimage.com/108x230.jpg/ff4444/ffffff,37
654,Estrellita,Fordyce,efordycei5@sciencedaily.com,http://dummyimage.com/133x166.jpg/dddddd/000000,22
655,Karlis,Tibbles,ktibblesi6@bandcamp.com,http://dummyimage.com/211x189.png/5fa2dd/ffffff,22
656,Bernette,Lambeth,blambethi7@simplemachines.org,http://dummyimage.com/246x218.jpg/dddddd/000000,1
657,Iseabal,Weald,iwealdi8@nbcnews.com,http://dummyimage.com/176x239.bmp/dddddd/000000,29
658,Al,O'Dooghaine,aodooghainei9@kickstarter.com,http://dummyimage.com/186x135.png/5fa2dd/ffffff,26
659,Halie,Himpson,hhimpsonia@huffingtonpost.com,http://dummyimage.com/101x217.bmp/dddddd/000000,36
660,Sean,Golley,sgolleyib@toplist.cz,http://dummyimage.com/160x157.png/5fa2dd/ffffff,7
661,Michell,Sebright,msebrightic@cbsnews.com,http://dummyimage.com/213x229.bmp/5fa2dd/ffffff,41
662,Aura,Barnfield,abarnfieldid@altervista.org,http://dummyimage.com/118x233.png/5fa2dd/ffffff,18
663,Thomasine,Derill,tderillie@auda.org.au,http://dummyimage.com/126x164.jpg/5fa2dd/ffffff,29
664,Gilberto,Aldhouse,galdhouseif@europa.eu,http://dummyimage.com/155x249.bmp/ff4444/ffffff,17
665,Filmore,Andreassen,fandreassenig@blogger.com,http://dummyimage.com/225x171.bmp/5fa2dd/ffffff,39
666,Sabrina,Sangra,ssangraih@newyorker.com,http://dummyimage.com/111x143.bmp/cc0000/ffffff,9
667,Alejoa,Leaman,aleamanii@ucsd.edu,http://dummyimage.com/141x218.bmp/ff4444/ffffff,23
668,Fairleigh,Woolager,fwoolagerij@goo.gl,http://dummyimage.com/159x156.jpg/cc0000/ffffff,30
669,Fawnia,Macveigh,fmacveighik@studiopress.com,http://dummyimage.com/185x155.jpg/5fa2dd/ffffff,41
670,Roselia,Robbey,rrobbeyil@engadget.com,http://dummyimage.com/119x193.png/cc0000/ffffff,31
671,Cody,Larchier,clarchierim@list-manage.com,http://dummyimage.com/219x119.jpg/dddddd/000000,21
672,Waneta,Maddock,wmaddockin@nyu.edu,http://dummyimage.com/247x129.jpg/5fa2dd/ffffff,8
673,Donaugh,Scogin,dscoginio@theguardian.com,http://dummyimage.com/216x197.jpg/ff4444/ffffff,47
674,Osborne,Drewery,odreweryip@smugmug.com,http://dummyimage.com/210x140.jpg/5fa2dd/ffffff,35
675,Ferguson,Helstrip,fhelstripiq@infoseek.co.jp,http://dummyimage.com/154x107.png/5fa2dd/ffffff,18
676,Datha,Camfield,dcamfieldir@ucsd.edu,http://dummyimage.com/159x140.jpg/5fa2dd/ffffff,15
677,William,Mart,wmartis@reverbnation.com,http://dummyimage.com/201x179.bmp/cc0000/ffffff,41
678,Rose,Lewsam,rlewsamit@netlog.com,http://dummyimage.com/240x141.png/ff4444/ffffff,30
679,Shanan,Blouet,sblouetiu@jalbum.net,http://dummyimage.com/140x223.bmp/cc0000/ffffff,23
680,Lois,Pring,lpringiv@cyberchimps.com,http://dummyimage.com/131x187.jpg/cc0000/ffffff,20
681,Wit,Jillett,wjillettiw@infoseek.co.jp,http://dummyimage.com/209x190.png/cc0000/ffffff,4
682,Travus,Cisland,tcislandix@mit.edu,http://dummyimage.com/105x125.jpg/5fa2dd/ffffff,23
683,Almira,Dimitru,adimitruiy@netlog.com,http://dummyimage.com/170x139.png/ff4444/ffffff,43
684,Cletus,Barsham,cbarshamiz@google.fr,http://dummyimage.com/201x226.bmp/5fa2dd/ffffff,1
685,Henry,Hassin,hhassinj0@vistaprint.com,http://dummyimage.com/118x211.bmp/ff4444/ffffff,40
686,Reinwald,Smardon,rsmardonj1@moonfruit.com,http://dummyimage.com/170x130.bmp/cc0000/ffffff,44
687,Catriona,Sellwood,csellwoodj2@army.mil,http://dummyimage.com/212x225.bmp/5fa2dd/ffffff,28
688,Paulita,Suston,psustonj3@bloomberg.com,http://dummyimage.com/213x217.bmp/5fa2dd/ffffff,16
689,Robenia,Purbrick,rpurbrickj4@instagram.com,http://dummyimage.com/235x237.png/dddddd/000000,37
690,Ebony,Posthill,eposthillj5@360.cn,http://dummyimage.com/186x126.bmp/cc0000/ffffff,40
691,Wang,Lismore,wlismorej6@wsj.com,http://dummyimage.com/123x109.png/cc0000/ffffff,40
692,Freddy,MacRannell,fmacrannellj7@eventbrite.com,http://dummyimage.com/169x145.bmp/dddddd/000000,8
693,Tuckie,Berger,tbergerj8@howstuffworks.com,http://dummyimage.com/117x228.png/dddddd/000000,2
694,Dirk,Greeding,dgreedingj9@cargocollective.com,http://dummyimage.com/192x221.png/dddddd/000000,49
695,Florri,Jeannaud,fjeannaudja@livejournal.com,http://dummyimage.com/114x198.png/cc0000/ffffff,14
696,Forbes,Alsford,falsfordjb@nationalgeographic.com,http://dummyimage.com/138x244.png/dddddd/000000,25
697,Haily,Glencros,hglencrosjc@github.io,http://dummyimage.com/174x164.png/ff4444/ffffff,30
698,Vinny,Cops,vcopsjd@answers.com,http://dummyimage.com/207x197.png/ff4444/ffffff,4
699,Alica,Canceller,acancellerje@slate.com,http://dummyimage.com/247x199.png/dddddd/000000,17
700,Reeba,De Vere,rdeverejf@de.vu,http://dummyimage.com/243x136.jpg/cc0000/ffffff,19
701,Francesco,Brodie,fbrodiejg@java.com,http://dummyimage.com/175x232.bmp/dddddd/000000,19
702,Vivi,Omar,vomarjh@miibeian.gov.cn,http://dummyimage.com/157x195.bmp/ff4444/ffffff,27
703,Lindie,Ackroyd,lackroydji@github.io,http://dummyimage.com/108x138.png/ff4444/ffffff,7
704,Osmund,Danielou,odanieloujj@imdb.com,http://dummyimage.com/108x169.jpg/cc0000/ffffff,23
705,Vite,Van den Bosch,vvandenboschjk@salon.com,http://dummyimage.com/165x105.png/ff4444/ffffff,12
706,Coralyn,Cruess,ccruessjl@fastcompany.com,http://dummyimage.com/224x200.bmp/cc0000/ffffff,4
707,Carree,Ferran,cferranjm@businesswire.com,http://dummyimage.com/248x230.png/5fa2dd/ffffff,50
708,Elie,Wallington,ewallingtonjn@indiegogo.com,http://dummyimage.com/165x164.bmp/cc0000/ffffff,50
709,Alanna,Mothersole,amothersolejo@sciencedirect.com,http://dummyimage.com/241x175.png/cc0000/ffffff,40
710,Kore,Soane,ksoanejp@marriott.com,http://dummyimage.com/187x138.jpg/5fa2dd/ffffff,9
711,Ruddy,O'Kuddyhy,rokuddyhyjq@mac.com,http://dummyimage.com/217x181.bmp/5fa2dd/ffffff,22
712,Kelley,Curnucke,kcurnuckejr@php.net,http://dummyimage.com/238x211.png/ff4444/ffffff,14
713,Nerissa,Orrett,norrettjs@vinaora.com,http://dummyimage.com/160x146.bmp/5fa2dd/ffffff,27
714,Kissie,Habbal,khabbaljt@va.gov,http://dummyimage.com/117x211.bmp/dddddd/000000,15
715,Duky,Grzelczak,dgrzelczakju@home.pl,http://dummyimage.com/243x198.bmp/cc0000/ffffff,3
716,Pammy,Gillise,pgillisejv@ning.com,http://dummyimage.com/218x133.bmp/cc0000/ffffff,4
717,Alikee,Reinbech,areinbechjw@upenn.edu,http://dummyimage.com/179x103.bmp/dddddd/000000,29
718,Bobbe,Greenstock,bgreenstockjx@sina.com.cn,http://dummyimage.com/135x192.jpg/dddddd/000000,36
719,Gayle,Cavanagh,gcavanaghjy@wunderground.com,http://dummyimage.com/212x221.bmp/cc0000/ffffff,36
720,Rabi,Seer,rseerjz@flickr.com,http://dummyimage.com/132x206.jpg/ff4444/ffffff,5
721,Rodolph,Birdsey,rbirdseyk0@ask.com,http://dummyimage.com/243x211.jpg/5fa2dd/ffffff,1
722,Husein,Guilbert,hguilbertk1@cdbaby.com,http://dummyimage.com/213x102.bmp/ff4444/ffffff,37
723,Giovanni,Gaitung,ggaitungk2@bloglovin.com,http://dummyimage.com/245x140.jpg/5fa2dd/ffffff,13
724,Felice,Poynter,fpoynterk3@cdbaby.com,http://dummyimage.com/143x125.jpg/cc0000/ffffff,30
725,Brew,Deamer,bdeamerk4@mapy.cz,http://dummyimage.com/243x208.png/5fa2dd/ffffff,49
726,Cynthea,Phateplace,cphateplacek5@washington.edu,http://dummyimage.com/248x226.jpg/cc0000/ffffff,36
727,Brande,Bleesing,bbleesingk6@bloomberg.com,http://dummyimage.com/237x224.jpg/cc0000/ffffff,16
728,Archie,Checklin,achecklink7@360.cn,http://dummyimage.com/173x232.bmp/ff4444/ffffff,37
729,Jessika,Bencher,jbencherk8@mediafire.com,http://dummyimage.com/147x103.jpg/ff4444/ffffff,31
730,Cilka,Craigmile,ccraigmilek9@wordpress.org,http://dummyimage.com/159x201.bmp/5fa2dd/ffffff,17
731,Fred,Dungay,fdungayka@youtube.com,http://dummyimage.com/217x206.png/ff4444/ffffff,33
732,Ramsey,Rittmeier,rrittmeierkb@netlog.com,http://dummyimage.com/200x194.bmp/dddddd/000000,50
733,Jakie,Josilevich,jjosilevichkc@wix.com,http://dummyimage.com/170x226.bmp/dddddd/000000,34
734,Tris,Blick,tblickkd@canalblog.com,http://dummyimage.com/237x241.bmp/dddddd/000000,45
735,Lanny,Laxston,llaxstonke@tinypic.com,http://dummyimage.com/181x148.png/dddddd/000000,26
736,Boris,Larrat,blarratkf@washingtonpost.com,http://dummyimage.com/169x115.jpg/ff4444/ffffff,20
737,Kissee,Borzoni,kborzonikg@google.cn,http://dummyimage.com/169x190.jpg/cc0000/ffffff,2
738,Greer,Grimestone,ggrimestonekh@list-manage.com,http://dummyimage.com/194x118.jpg/5fa2dd/ffffff,23
739,Fulton,Storres,fstorreski@ow.ly,http://dummyimage.com/219x197.jpg/5fa2dd/ffffff,10
740,Xena,Giovannazzi,xgiovannazzikj@infoseek.co.jp,http://dummyimage.com/195x152.jpg/cc0000/ffffff,49
741,Emalia,Borsi,eborsikk@java.com,http://dummyimage.com/216x136.png/dddddd/000000,6
742,Willetta,Cleall,wcleallkl@phpbb.com,http://dummyimage.com/169x136.png/5fa2dd/ffffff,9
743,Eimile,Ilbert,eilbertkm@hatena.ne.jp,http://dummyimage.com/152x244.bmp/dddddd/000000,46
744,Gerry,Stivers,gstiverskn@phpbb.com,http://dummyimage.com/189x148.bmp/ff4444/ffffff,1
745,Tripp,Figliovanni,tfigliovanniko@etsy.com,http://dummyimage.com/234x232.bmp/ff4444/ffffff,37
746,Caroljean,Badby,cbadbykp@dmoz.org,http://dummyimage.com/184x239.png/cc0000/ffffff,28
747,Bert,Iskower,biskowerkq@vkontakte.ru,http://dummyimage.com/205x201.png/ff4444/ffffff,27
748,Stanfield,Nicolls,snicollskr@w3.org,http://dummyimage.com/138x146.bmp/ff4444/ffffff,16
749,Skippy,Blackaby,sblackabyks@discovery.com,http://dummyimage.com/232x100.png/ff4444/ffffff,45
750,Gerladina,Thatcher,gthatcherkt@google.com.au,http://dummyimage.com/242x183.jpg/dddddd/000000,2
751,Anatole,Ayres,aayresku@uol.com.br,http://dummyimage.com/100x224.png/ff4444/ffffff,6
752,Dalli,Sandom,dsandomkv@google.cn,http://dummyimage.com/216x147.png/dddddd/000000,13
753,Roth,Gainsford,rgainsfordkw@posterous.com,http://dummyimage.com/119x161.jpg/5fa2dd/ffffff,10
754,Amandie,Van Son,avansonkx@wunderground.com,http://dummyimage.com/142x136.jpg/ff4444/ffffff,38
755,Keefe,Hukins,khukinsky@earthlink.net,http://dummyimage.com/232x232.png/dddddd/000000,22
756,Andie,Salvage,asalvagekz@mail.ru,http://dummyimage.com/133x176.png/ff4444/ffffff,42
757,Jesus,Maken,jmakenl0@discuz.net,http://dummyimage.com/119x169.jpg/ff4444/ffffff,27
758,Elbertine,Blaisdell,eblaisdelll1@shinystat.com,http://dummyimage.com/172x226.bmp/5fa2dd/ffffff,8
759,Kermit,Largan,klarganl2@shareasale.com,http://dummyimage.com/152x105.jpg/ff4444/ffffff,29
760,Anitra,Bridat,abridatl3@ftc.gov,http://dummyimage.com/174x180.jpg/ff4444/ffffff,4
761,Gizela,Djurevic,gdjurevicl4@flavors.me,http://dummyimage.com/192x117.jpg/cc0000/ffffff,8
762,Phil,Inworth,pinworthl5@ft.com,http://dummyimage.com/164x106.jpg/dddddd/000000,40
763,Mahmud,Toye,mtoyel6@jigsy.com,http://dummyimage.com/124x138.jpg/ff4444/ffffff,35
764,Sydelle,O'Rafferty,soraffertyl7@princeton.edu,http://dummyimage.com/205x227.png/cc0000/ffffff,3
765,Karyn,Rosindill,krosindilll8@google.com,http://dummyimage.com/121x160.jpg/dddddd/000000,45
766,Waylan,Kildale,wkildalel9@chicagotribune.com,http://dummyimage.com/196x152.png/cc0000/ffffff,44
767,Beniamino,Ottewell,bottewellla@google.cn,http://dummyimage.com/217x172.png/5fa2dd/ffffff,8
768,Sheffie,Kisting,skistinglb@hp.com,http://dummyimage.com/134x181.bmp/cc0000/ffffff,29
769,Holt,Wilkin,hwilkinlc@umich.edu,http://dummyimage.com/145x167.bmp/5fa2dd/ffffff,10
770,Quill,Poupard,qpoupardld@360.cn,http://dummyimage.com/235x177.jpg/ff4444/ffffff,50
771,Bird,O'Dreain,bodreainle@opera.com,http://dummyimage.com/110x146.png/dddddd/000000,49
772,Earlie,Passman,epassmanlf@google.co.jp,http://dummyimage.com/186x201.bmp/5fa2dd/ffffff,30
773,Fanny,Bremner,fbremnerlg@mlb.com,http://dummyimage.com/163x114.png/5fa2dd/ffffff,16
774,Tobiah,Winteringham,twinteringhamlh@ftc.gov,http://dummyimage.com/182x152.png/cc0000/ffffff,22
775,Griffy,Lyvon,glyvonli@nhs.uk,http://dummyimage.com/207x126.jpg/ff4444/ffffff,34
776,Tobiah,Secombe,tsecombelj@ox.ac.uk,http://dummyimage.com/151x128.png/5fa2dd/ffffff,30
777,Lincoln,Bedin,lbedinlk@a8.net,http://dummyimage.com/195x130.jpg/ff4444/ffffff,45
778,Heidi,Asplin,hasplinll@w3.org,http://dummyimage.com/106x152.jpg/ff4444/ffffff,25
779,Kent,Antao,kantaolm@telegraph.co.uk,http://dummyimage.com/164x224.jpg/5fa2dd/ffffff,16
780,Karna,Vowdon,kvowdonln@imdb.com,http://dummyimage.com/203x134.jpg/cc0000/ffffff,12
781,Domeniga,Guillain,dguillainlo@elegantthemes.com,http://dummyimage.com/110x130.jpg/ff4444/ffffff,19
782,Alicia,Muttitt,amuttittlp@wix.com,http://dummyimage.com/228x181.jpg/ff4444/ffffff,3
783,Marco,Gosalvez,mgosalvezlq@aboutads.info,http://dummyimage.com/230x158.bmp/5fa2dd/ffffff,1
784,Chandal,Driffe,cdriffelr@xing.com,http://dummyimage.com/204x244.jpg/ff4444/ffffff,22
785,Jillie,Whewell,jwhewellls@dedecms.com,http://dummyimage.com/210x132.bmp/ff4444/ffffff,36
786,Lewiss,Cranshaw,lcranshawlt@ebay.com,http://dummyimage.com/113x234.bmp/dddddd/000000,23
787,Jennie,Crasswell,jcrasswelllu@blinklist.com,http://dummyimage.com/184x188.jpg/cc0000/ffffff,43
788,Rolland,Leas,rleaslv@hatena.ne.jp,http://dummyimage.com/192x103.bmp/dddddd/000000,33
789,Pammie,Croney,pcroneylw@youku.com,http://dummyimage.com/205x150.bmp/dddddd/000000,6
790,Prudence,Cordoba,pcordobalx@cyberchimps.com,http://dummyimage.com/221x230.jpg/dddddd/000000,16
791,Gayelord,Avis,gavisly@google.ru,http://dummyimage.com/110x181.jpg/dddddd/000000,13
792,Janka,Redfern,jredfernlz@stanford.edu,http://dummyimage.com/144x122.png/5fa2dd/ffffff,10
793,Elita,Richford,erichfordm0@hao123.com,http://dummyimage.com/238x161.bmp/5fa2dd/ffffff,12
794,Crystal,Surman,csurmanm1@boston.com,http://dummyimage.com/249x142.jpg/ff4444/ffffff,37
795,Allin,Bernardini,abernardinim2@europa.eu,http://dummyimage.com/178x127.jpg/5fa2dd/ffffff,36
796,Melania,Strettell,mstrettellm3@unc.edu,http://dummyimage.com/248x210.jpg/cc0000/ffffff,14
797,Lucais,Koppen,lkoppenm4@wunderground.com,http://dummyimage.com/109x175.bmp/cc0000/ffffff,24
798,Nerty,Layman,nlaymanm5@nydailynews.com,http://dummyimage.com/217x163.png/dddddd/000000,1
799,Billye,Perillio,bperilliom6@weebly.com,http://dummyimage.com/160x167.jpg/5fa2dd/ffffff,7
800,Alejoa,Iwanowicz,aiwanowiczm7@howstuffworks.com,http://dummyimage.com/214x188.png/dddddd/000000,45
801,Noelle,Backwell,nbackwellm8@merriam-webster.com,http://dummyimage.com/143x192.png/dddddd/000000,22
802,Artair,Corradetti,acorradettim9@paginegialle.it,http://dummyimage.com/172x122.jpg/dddddd/000000,42
803,Isaak,Skeates,iskeatesma@wikispaces.com,http://dummyimage.com/149x129.png/ff4444/ffffff,39
804,Kyle,Piccard,kpiccardmb@statcounter.com,http://dummyimage.com/168x198.bmp/ff4444/ffffff,1
805,Hana,Emps,hempsmc@npr.org,http://dummyimage.com/140x234.png/cc0000/ffffff,21
806,Nathalia,Sunnex,nsunnexmd@devhub.com,http://dummyimage.com/192x212.jpg/5fa2dd/ffffff,43
807,Starr,Garment,sgarmentme@google.it,http://dummyimage.com/105x139.jpg/cc0000/ffffff,26
808,Melanie,Clay,mclaymf@wikimedia.org,http://dummyimage.com/187x175.jpg/cc0000/ffffff,42
809,Loydie,Dumberell,ldumberellmg@hexun.com,http://dummyimage.com/196x179.jpg/ff4444/ffffff,24
810,Odie,Rookledge,orookledgemh@youtube.com,http://dummyimage.com/230x200.bmp/5fa2dd/ffffff,6
811,Samara,Pedro,spedromi@nifty.com,http://dummyimage.com/189x172.png/cc0000/ffffff,47
812,Cecily,Leathley,cleathleymj@chron.com,http://dummyimage.com/199x126.jpg/5fa2dd/ffffff,25
813,Celinda,Arno,carnomk@1688.com,http://dummyimage.com/243x184.bmp/5fa2dd/ffffff,30
814,Anita,Lambersen,alambersenml@simplemachines.org,http://dummyimage.com/216x240.bmp/5fa2dd/ffffff,14
815,Mimi,Ewins,mewinsmm@sphinn.com,http://dummyimage.com/183x194.bmp/cc0000/ffffff,30
816,Sheila,Killby,skillbymn@ask.com,http://dummyimage.com/129x146.png/5fa2dd/ffffff,28
817,Conrado,Evert,cevertmo@tripod.com,http://dummyimage.com/153x140.bmp/dddddd/000000,43
818,Vicki,Blackborne,vblackbornemp@photobucket.com,http://dummyimage.com/114x122.bmp/cc0000/ffffff,10
819,Elga,Sheals,eshealsmq@state.tx.us,http://dummyimage.com/129x130.jpg/ff4444/ffffff,34
820,Vina,Batter,vbattermr@usa.gov,http://dummyimage.com/248x225.png/dddddd/000000,10
821,Willi,Mordon,wmordonms@is.gd,http://dummyimage.com/242x117.bmp/dddddd/000000,41
822,Mable,Behrendsen,mbehrendsenmt@xing.com,http://dummyimage.com/109x238.png/cc0000/ffffff,37
823,Zelma,Kendell,zkendellmu@gizmodo.com,http://dummyimage.com/233x248.jpg/dddddd/000000,18
824,Whitman,Pollicatt,wpollicattmv@vimeo.com,http://dummyimage.com/136x184.png/cc0000/ffffff,40
825,Mufinella,Beden,mbedenmw@nhs.uk,http://dummyimage.com/138x138.jpg/dddddd/000000,45
826,Hunt,Stubbings,hstubbingsmx@psu.edu,http://dummyimage.com/247x192.bmp/5fa2dd/ffffff,10
827,Wynn,Ortmann,wortmannmy@dagondesign.com,http://dummyimage.com/247x176.bmp/ff4444/ffffff,4
828,Krystyna,Feeham,kfeehammz@utexas.edu,http://dummyimage.com/158x178.bmp/ff4444/ffffff,47
829,Benjamin,Jewiss,bjewissn0@unc.edu,http://dummyimage.com/188x249.bmp/dddddd/000000,8
830,Bonita,Fleming,bflemingn1@dagondesign.com,http://dummyimage.com/155x220.bmp/ff4444/ffffff,32
831,Wernher,Lytton,wlyttonn2@chron.com,http://dummyimage.com/147x222.jpg/ff4444/ffffff,36
832,Ertha,Lacasa,elacasan3@ask.com,http://dummyimage.com/173x109.png/cc0000/ffffff,36
833,Roz,Cabera,rcaberan4@google.com.br,http://dummyimage.com/217x248.bmp/5fa2dd/ffffff,37
834,Ivan,Bedwell,ibedwelln5@sourceforge.net,http://dummyimage.com/134x146.png/cc0000/ffffff,5
835,Alfy,Auty,aautyn6@telegraph.co.uk,http://dummyimage.com/156x101.png/5fa2dd/ffffff,35
836,Ruby,Halburton,rhalburtonn7@amazon.co.uk,http://dummyimage.com/236x230.bmp/ff4444/ffffff,12
837,Gothart,Pledger,gpledgern8@ehow.com,http://dummyimage.com/142x232.png/dddddd/000000,50
838,Ursuline,Gormley,ugormleyn9@cmu.edu,http://dummyimage.com/135x246.bmp/5fa2dd/ffffff,26
839,Isadore,Meneer,imeneerna@a8.net,http://dummyimage.com/182x205.jpg/dddddd/000000,23
840,Cristal,MacRierie,cmacrierienb@twitpic.com,http://dummyimage.com/116x208.jpg/cc0000/ffffff,19
841,Dorotea,Doggett,ddoggettnc@google.cn,http://dummyimage.com/171x216.png/ff4444/ffffff,11
842,Deloris,Gorrissen,dgorrissennd@nytimes.com,http://dummyimage.com/223x166.jpg/ff4444/ffffff,9
843,Egon,Halfpenny,ehalfpennyne@jigsy.com,http://dummyimage.com/211x156.jpg/5fa2dd/ffffff,10
844,Thibaut,Curnucke,tcurnuckenf@infoseek.co.jp,http://dummyimage.com/203x144.png/dddddd/000000,23
845,Zsazsa,Comrie,zcomrieng@addthis.com,http://dummyimage.com/146x107.bmp/dddddd/000000,33
846,Johnette,Romera,jromeranh@diigo.com,http://dummyimage.com/221x146.jpg/cc0000/ffffff,45
847,Kara,Androletti,kandrolettini@nydailynews.com,http://dummyimage.com/224x250.bmp/5fa2dd/ffffff,41
848,Donalt,Lewsie,dlewsienj@army.mil,http://dummyimage.com/111x243.bmp/cc0000/ffffff,33
849,Loraine,Kopf,lkopfnk@rakuten.co.jp,http://dummyimage.com/174x109.png/ff4444/ffffff,13
850,Emlynn,Napolitano,enapolitanonl@mapquest.com,http://dummyimage.com/158x126.jpg/5fa2dd/ffffff,17
851,Bertha,Beverage,bbeveragenm@europa.eu,http://dummyimage.com/192x117.jpg/ff4444/ffffff,29
852,Shawnee,Kemston,skemstonnn@comcast.net,http://dummyimage.com/125x109.png/cc0000/ffffff,41
853,Nessie,Fortie,nfortieno@artisteer.com,http://dummyimage.com/222x184.bmp/cc0000/ffffff,3
854,Joy,Metzing,jmetzingnp@kickstarter.com,http://dummyimage.com/148x138.jpg/dddddd/000000,4
855,Orazio,Morphew,omorphewnq@cisco.com,http://dummyimage.com/242x181.png/5fa2dd/ffffff,30
856,Randy,Fuster,rfusternr@europa.eu,http://dummyimage.com/102x140.jpg/cc0000/ffffff,2
857,Wilmar,Banford,wbanfordns@nydailynews.com,http://dummyimage.com/128x135.bmp/cc0000/ffffff,39
858,Dacia,Wallbanks,dwallbanksnt@ft.com,http://dummyimage.com/119x232.png/dddddd/000000,16
859,Rustin,Kienle,rkienlenu@miibeian.gov.cn,http://dummyimage.com/175x144.bmp/ff4444/ffffff,6
860,Lemar,Sothcott,lsothcottnv@live.com,http://dummyimage.com/130x177.bmp/dddddd/000000,14
861,Jody,Buckingham,jbuckinghamnw@fc2.com,http://dummyimage.com/192x202.jpg/dddddd/000000,38
862,Kristoforo,Hamnett,khamnettnx@baidu.com,http://dummyimage.com/137x230.png/ff4444/ffffff,30
863,Gillian,Bevington,gbevingtonny@scribd.com,http://dummyimage.com/136x200.png/cc0000/ffffff,33
864,Nikita,Crickmer,ncrickmernz@odnoklassniki.ru,http://dummyimage.com/198x142.jpg/5fa2dd/ffffff,6
865,Benni,Larver,blarvero0@surveymonkey.com,http://dummyimage.com/153x157.png/5fa2dd/ffffff,39
866,Wilburt,Eagell,weagello1@timesonline.co.uk,http://dummyimage.com/134x188.png/dddddd/000000,12
867,Loni,Yeend,lyeendo2@google.co.jp,http://dummyimage.com/195x147.bmp/5fa2dd/ffffff,15
868,Hetty,Zanotti,hzanottio3@domainmarket.com,http://dummyimage.com/238x180.png/ff4444/ffffff,11
869,Carla,Vurley,cvurleyo4@prnewswire.com,http://dummyimage.com/234x166.bmp/cc0000/ffffff,38
870,Dewitt,Phettis,dphettiso5@usda.gov,http://dummyimage.com/245x220.jpg/dddddd/000000,42
871,Kermit,Dowtry,kdowtryo6@hao123.com,http://dummyimage.com/193x221.bmp/dddddd/000000,42
872,Siouxie,Reily,sreilyo7@netlog.com,http://dummyimage.com/156x242.png/cc0000/ffffff,11
873,Marcia,Semonin,msemonino8@craigslist.org,http://dummyimage.com/195x224.jpg/ff4444/ffffff,28
874,Udall,Chalcroft,uchalcrofto9@scribd.com,http://dummyimage.com/128x189.png/dddddd/000000,46
875,Myrlene,Mabee,mmabeeoa@newsvine.com,http://dummyimage.com/164x198.jpg/dddddd/000000,41
876,Fiann,Semper,fsemperob@dot.gov,http://dummyimage.com/182x183.jpg/ff4444/ffffff,47
877,Fields,FitzGibbon,ffitzgibbonoc@blogger.com,http://dummyimage.com/137x184.bmp/dddddd/000000,22
878,Allene,Foad,afoadod@tripod.com,http://dummyimage.com/237x132.jpg/dddddd/000000,43
879,Avigdor,Messiter,amessiteroe@indiegogo.com,http://dummyimage.com/108x232.jpg/dddddd/000000,38
880,Kyle,Renny,krennyof@sun.com,http://dummyimage.com/204x159.png/5fa2dd/ffffff,20
881,Linn,Noice,lnoiceog@biglobe.ne.jp,http://dummyimage.com/132x172.jpg/dddddd/000000,16
882,Norry,Crayton,ncraytonoh@businessweek.com,http://dummyimage.com/112x146.jpg/5fa2dd/ffffff,7
883,Ikey,Binton,ibintonoi@adobe.com,http://dummyimage.com/153x227.jpg/cc0000/ffffff,47
884,Hieronymus,Cannell,hcannelloj@123-reg.co.uk,http://dummyimage.com/227x117.png/dddddd/000000,45
885,Simmonds,Crayk,scraykok@alexa.com,http://dummyimage.com/144x230.bmp/cc0000/ffffff,1
886,Gary,Sissland,gsisslandol@hexun.com,http://dummyimage.com/185x193.jpg/dddddd/000000,14
887,Kimberlee,Sked,kskedom@examiner.com,http://dummyimage.com/126x145.bmp/dddddd/000000,38
888,Vonnie,Simkin,vsimkinon@vk.com,http://dummyimage.com/229x145.jpg/5fa2dd/ffffff,19
889,Jacquie,Etchells,jetchellsoo@aol.com,http://dummyimage.com/165x119.jpg/ff4444/ffffff,29
890,Engracia,Jenkison,ejenkisonop@hc360.com,http://dummyimage.com/210x127.png/ff4444/ffffff,36
891,Ninon,Labern,nlabernoq@networksolutions.com,http://dummyimage.com/126x134.jpg/ff4444/ffffff,32
892,Marj,Yakovitch,myakovitchor@paypal.com,http://dummyimage.com/240x131.jpg/5fa2dd/ffffff,5
893,Catha,Hobben,chobbenos@nyu.edu,http://dummyimage.com/106x154.bmp/cc0000/ffffff,20
894,Nananne,Sannes,nsannesot@multiply.com,http://dummyimage.com/189x162.png/ff4444/ffffff,3
895,Joey,Bamber,jbamberou@tuttocitta.it,http://dummyimage.com/137x238.bmp/cc0000/ffffff,34
896,Jimmie,Carlens,jcarlensov@google.co.uk,http://dummyimage.com/173x211.jpg/cc0000/ffffff,12
897,Chaunce,Goatman,cgoatmanow@ning.com,http://dummyimage.com/160x161.jpg/ff4444/ffffff,31
898,Wade,Schneider,wschneiderox@nps.gov,http://dummyimage.com/142x156.jpg/ff4444/ffffff,20
899,Renell,Rottenbury,rrottenburyoy@behance.net,http://dummyimage.com/208x229.png/cc0000/ffffff,11
900,Klaus,Banat,kbanatoz@ow.ly,http://dummyimage.com/181x163.png/cc0000/ffffff,45
901,Wynny,Camilleri,wcamillerip0@eventbrite.com,http://dummyimage.com/141x182.png/cc0000/ffffff,12
902,Fancie,Paula,fpaulap1@salon.com,http://dummyimage.com/127x208.png/dddddd/000000,9
903,Caron,Luscombe,cluscombep2@sciencedirect.com,http://dummyimage.com/104x200.jpg/ff4444/ffffff,22
904,Dillon,Greene,dgreenep3@moonfruit.com,http://dummyimage.com/202x227.bmp/5fa2dd/ffffff,39
905,Kristos,Sor,ksorp4@berkeley.edu,http://dummyimage.com/196x181.png/dddddd/000000,22
906,Sandie,Greenman,sgreenmanp5@webmd.com,http://dummyimage.com/181x126.jpg/dddddd/000000,32
907,Lazare,Sturmey,lsturmeyp6@hostgator.com,http://dummyimage.com/187x156.jpg/ff4444/ffffff,29
908,Arlen,Leon,aleonp7@wikimedia.org,http://dummyimage.com/181x143.bmp/ff4444/ffffff,35
909,Everett,Ferrant,eferrantp8@ca.gov,http://dummyimage.com/179x144.bmp/ff4444/ffffff,21
910,Delaney,Rusk,druskp9@issuu.com,http://dummyimage.com/142x207.png/ff4444/ffffff,45
911,Teresa,Kilalea,tkilaleapa@cnn.com,http://dummyimage.com/183x231.jpg/5fa2dd/ffffff,28
912,Desdemona,Gyrgorcewicx,dgyrgorcewicxpb@microsoft.com,http://dummyimage.com/161x165.jpg/cc0000/ffffff,50
913,Mari,Gwinnel,mgwinnelpc@oracle.com,http://dummyimage.com/151x181.jpg/5fa2dd/ffffff,15
914,Lee,Rantoull,lrantoullpd@cnn.com,http://dummyimage.com/189x152.bmp/cc0000/ffffff,3
915,Townsend,Pittem,tpittempe@angelfire.com,http://dummyimage.com/100x221.bmp/dddddd/000000,36
916,Rodge,Ronca,rroncapf@webs.com,http://dummyimage.com/133x220.png/5fa2dd/ffffff,34
917,Tommy,Verdy,tverdypg@wikipedia.org,http://dummyimage.com/224x112.png/dddddd/000000,33
918,Robinette,Timson,rtimsonph@virginia.edu,http://dummyimage.com/232x210.bmp/dddddd/000000,49
919,Aldrich,Grishankov,agrishankovpi@ask.com,http://dummyimage.com/192x185.png/ff4444/ffffff,7
920,Pearline,Cree,pcreepj@ebay.com,http://dummyimage.com/223x222.bmp/cc0000/ffffff,15
921,Nicolina,Janovsky,njanovskypk@t.co,http://dummyimage.com/221x222.png/dddddd/000000,11
922,Derrik,Dallmann,ddallmannpl@cloudflare.com,http://dummyimage.com/115x234.jpg/5fa2dd/ffffff,41
923,Avictor,Jewiss,ajewisspm@pbs.org,http://dummyimage.com/126x174.jpg/5fa2dd/ffffff,9
924,Lionello,Dressell,ldressellpn@instagram.com,http://dummyimage.com/243x163.jpg/ff4444/ffffff,30
925,Ulysses,Wiggington,uwiggingtonpo@cargocollective.com,http://dummyimage.com/163x190.bmp/cc0000/ffffff,8
926,Lurlene,Sclater,lsclaterpp@latimes.com,http://dummyimage.com/107x139.jpg/dddddd/000000,18
927,Russ,McGeachey,rmcgeacheypq@geocities.jp,http://dummyimage.com/129x187.png/dddddd/000000,33
928,Nero,Worts,nwortspr@ezinearticles.com,http://dummyimage.com/192x191.bmp/ff4444/ffffff,17
929,Tamma,Dincey,tdinceyps@engadget.com,http://dummyimage.com/129x173.bmp/cc0000/ffffff,21
930,Andros,MacConnel,amacconnelpt@tumblr.com,http://dummyimage.com/154x242.bmp/dddddd/000000,12
931,Nancey,Baress,nbaresspu@edublogs.org,http://dummyimage.com/186x176.bmp/5fa2dd/ffffff,16
932,Cale,Varley,cvarleypv@ca.gov,http://dummyimage.com/240x211.bmp/dddddd/000000,10
933,Karola,Noraway,knorawaypw@storify.com,http://dummyimage.com/126x189.bmp/dddddd/000000,25
934,Elise,Studeart,estudeartpx@netscape.com,http://dummyimage.com/214x206.bmp/cc0000/ffffff,49
935,Victoir,Longmire,vlongmirepy@google.cn,http://dummyimage.com/192x148.png/5fa2dd/ffffff,25
936,Jeniece,Mugford,jmugfordpz@npr.org,http://dummyimage.com/216x122.jpg/5fa2dd/ffffff,30
937,Adeline,Longstaff,alongstaffq0@livejournal.com,http://dummyimage.com/221x250.bmp/5fa2dd/ffffff,25
938,Roanna,Macauley,rmacauleyq1@amazon.de,http://dummyimage.com/151x138.png/ff4444/ffffff,14
939,Adeline,Brafferton,abraffertonq2@symantec.com,http://dummyimage.com/152x143.jpg/dddddd/000000,34
940,Aileen,Kondratovich,akondratovichq3@qq.com,http://dummyimage.com/185x218.png/cc0000/ffffff,41
941,Winny,Brushfield,wbrushfieldq4@sohu.com,http://dummyimage.com/246x139.png/dddddd/000000,11
942,Gene,Gartside,ggartsideq5@eepurl.com,http://dummyimage.com/148x120.png/cc0000/ffffff,20
943,Pincus,Meineken,pmeinekenq6@reverbnation.com,http://dummyimage.com/167x233.jpg/dddddd/000000,46
944,Glynnis,Sylett,gsylettq7@ovh.net,http://dummyimage.com/214x233.bmp/cc0000/ffffff,15
945,Evey,Mackney,emackneyq8@tripod.com,http://dummyimage.com/159x232.png/dddddd/000000,8
946,Mildred,Bartoleyn,mbartoleynq9@amazon.co.uk,http://dummyimage.com/195x165.jpg/dddddd/000000,40
947,Fair,Carratt,fcarrattqa@eventbrite.com,http://dummyimage.com/170x217.jpg/dddddd/000000,28
948,Heida,Bett,hbettqb@si.edu,http://dummyimage.com/133x115.png/5fa2dd/ffffff,44
949,Carlyn,Neasham,cneashamqc@flickr.com,http://dummyimage.com/100x126.jpg/cc0000/ffffff,28
950,Cacilie,Churchin,cchurchinqd@biglobe.ne.jp,http://dummyimage.com/240x154.png/5fa2dd/ffffff,35
951,Mackenzie,Bogaert,mbogaertqe@newsvine.com,http://dummyimage.com/213x178.jpg/5fa2dd/ffffff,44
952,Theresita,Pessel,tpesselqf@cnn.com,http://dummyimage.com/187x180.bmp/ff4444/ffffff,12
953,Ernesta,Josowitz,ejosowitzqg@drupal.org,http://dummyimage.com/152x128.jpg/ff4444/ffffff,14
954,Daron,Barbe,dbarbeqh@thetimes.co.uk,http://dummyimage.com/118x151.bmp/ff4444/ffffff,2
955,Bamby,Brient,bbrientqi@icq.com,http://dummyimage.com/236x124.jpg/ff4444/ffffff,20
956,Pet,Clacey,pclaceyqj@wikimedia.org,http://dummyimage.com/144x156.bmp/cc0000/ffffff,14
957,Elbert,Yushankin,eyushankinqk@github.io,http://dummyimage.com/175x134.bmp/cc0000/ffffff,10
958,Amerigo,Dornan,adornanql@seesaa.net,http://dummyimage.com/145x219.jpg/ff4444/ffffff,1
959,Osbourne,Baroch,obarochqm@trellian.com,http://dummyimage.com/234x168.bmp/dddddd/000000,39
960,Kalil,Shipton,kshiptonqn@businesswire.com,http://dummyimage.com/230x216.jpg/5fa2dd/ffffff,42
961,Ethel,Fann,efannqo@elpais.com,http://dummyimage.com/100x101.png/ff4444/ffffff,23
962,Jarib,Ilsley,jilsleyqp@imageshack.us,http://dummyimage.com/210x114.jpg/dddddd/000000,5
963,Brad,Holton,bholtonqq@soup.io,http://dummyimage.com/246x162.jpg/5fa2dd/ffffff,6
964,Irvine,Utterson,iuttersonqr@go.com,http://dummyimage.com/189x116.bmp/ff4444/ffffff,1
965,Adiana,Watting,awattingqs@ted.com,http://dummyimage.com/152x187.bmp/5fa2dd/ffffff,27
966,Rip,Preedy,rpreedyqt@github.io,http://dummyimage.com/137x119.png/5fa2dd/ffffff,30
967,Beniamino,Bravery,bbraveryqu@opera.com,http://dummyimage.com/164x162.png/ff4444/ffffff,5
968,Ailene,Youel,ayouelqv@weather.com,http://dummyimage.com/217x127.png/5fa2dd/ffffff,20
969,Humfried,Barnsdale,hbarnsdaleqw@bandcamp.com,http://dummyimage.com/206x154.png/dddddd/000000,12
970,Giorgi,Mucklo,gmuckloqx@harvard.edu,http://dummyimage.com/166x232.jpg/cc0000/ffffff,43
971,Pierson,Skillington,pskillingtonqy@tripod.com,http://dummyimage.com/179x143.bmp/5fa2dd/ffffff,17
972,Zorah,Teek,zteekqz@pinterest.com,http://dummyimage.com/146x216.bmp/cc0000/ffffff,48
973,Ruthann,Demare,rdemarer0@desdev.cn,http://dummyimage.com/179x217.png/5fa2dd/ffffff,45
974,Janina,Sandham,jsandhamr1@moonfruit.com,http://dummyimage.com/151x114.jpg/ff4444/ffffff,47
975,Hedi,Hardey,hhardeyr2@kickstarter.com,http://dummyimage.com/204x176.png/dddddd/000000,49
976,Jess,Castelyn,jcastelynr3@bluehost.com,http://dummyimage.com/206x177.jpg/5fa2dd/ffffff,42
977,Patrick,Prise,ppriser4@feedburner.com,http://dummyimage.com/125x235.png/ff4444/ffffff,38
978,Baudoin,MacCarroll,bmaccarrollr5@admin.ch,http://dummyimage.com/126x149.jpg/cc0000/ffffff,20
979,Doe,Kilshall,dkilshallr6@yahoo.com,http://dummyimage.com/190x224.png/ff4444/ffffff,21
980,Lu,Marvel,lmarvelr7@ning.com,http://dummyimage.com/233x114.jpg/dddddd/000000,40
981,Elissa,Barriball,ebarriballr8@ocn.ne.jp,http://dummyimage.com/212x246.png/ff4444/ffffff,39
982,Valli,Rains,vrainsr9@mysql.com,http://dummyimage.com/249x220.png/ff4444/ffffff,17
983,Reine,Coates,rcoatesra@digg.com,http://dummyimage.com/204x235.jpg/cc0000/ffffff,2
984,Rubina,Alban,ralbanrb@lycos.com,http://dummyimage.com/128x186.png/cc0000/ffffff,14
985,Stanfield,Besant,sbesantrc@aboutads.info,http://dummyimage.com/151x138.jpg/cc0000/ffffff,7
986,Trudi,Suthren,tsuthrenrd@hao123.com,http://dummyimage.com/158x186.jpg/cc0000/ffffff,33
987,Henrie,Hofton,hhoftonre@pbs.org,http://dummyimage.com/175x199.png/dddddd/000000,16
988,Filip,Lethcoe,flethcoerf@cisco.com,http://dummyimage.com/229x204.bmp/dddddd/000000,11
989,Osborn,Yeoland,oyeolandrg@deliciousdays.com,http://dummyimage.com/210x243.jpg/ff4444/ffffff,15
990,Rutter,Tuckett,rtuckettrh@marketwatch.com,http://dummyimage.com/231x199.png/dddddd/000000,8
991,Amalie,Tremblett,atremblettri@princeton.edu,http://dummyimage.com/103x165.bmp/ff4444/ffffff,18
992,Eliza,Mulqueeny,emulqueenyrj@redcross.org,http://dummyimage.com/146x142.png/5fa2dd/ffffff,37
993,Cazzie,Piddick,cpiddickrk@quantcast.com,http://dummyimage.com/228x144.png/cc0000/ffffff,43
994,Hedwig,Diment,hdimentrl@mashable.com,http://dummyimage.com/155x103.png/ff4444/ffffff,36
995,Tomkin,Snaddin,tsnaddinrm@timesonline.co.uk,http://dummyimage.com/176x186.png/ff4444/ffffff,31
996,Amelie,Lindermann,alindermannrn@yolasite.com,http://dummyimage.com/165x164.png/5fa2dd/ffffff,24
997,Blanch,Carvell,bcarvellro@smh.com.au,http://dummyimage.com/229x120.bmp/ff4444/ffffff,19
998,Amitie,Charette,acharetterp@house.gov,http://dummyimage.com/159x194.png/cc0000/ffffff,6
999,Essa,Prowse,eprowserq@uol.com.br,http://dummyimage.com/250x182.bmp/cc0000/ffffff,35
1000,Rutger,Pettigrew,rpettigrewrr@kickstarter.com,http://dummyimage.com/210x193.bmp/ff4444/ffffff,26