0,0,,wapen.jpg;;;
1,1,,wapen.jpg;;;
2,2,,wapen.jpg;;;
3,3,,wapen.jpg;;;
4,4,,wapen.jpg;;;
5,5,,wapen.jpg;;;
6,6,,wapen.jpg;;;
7,7,,wapen.jpg;;;
8,8,,wapen.jpg;;;
9,9,,wapen.jpg;;;
10,10,,wapen.jpg;;;
11,11,,wapen.jpg;;;
12,12,,wapen.jpg;;;
13,13,,wapen.jpg;;;
14,14,,wapen.jpg;;;
15,15,,wapen.jpg;;;
16,16,,wapen.jpg;;;
17,17,,wapen.jpg;;;
18,18,,wapen.jpg;;;
19,19,,wapen.jpg;;;
20,20,,wapen.jpg;;;
21,21,,wapen.jpg;;;
22,22,,wapen.jpg;;;
23,23,,wapen.jpg;;;
24,24,,wapen.jpg;;;
25,25,,wapen.jpg;;;
26,26,,wapen.jpg;;;
27,27,,wapen.jpg;;;
28,28,,wapen.jpg;;;
29,29,,wapen.jpg;;;
30,30,,wapen.jpg;;;
31,31,,wapen.jpg;;;
32,32,,wapen.jpg;;;
33,33,,wapen.jpg;;;
34,34,,wapen.jpg;;;
35,35,,wapen.jpg;;;
36,36,,wapen.jpg;;;
37,37,,wapen.jpg;;;
38,38,,wapen.jpg;;;
39,39,,wapen.jpg;;;
40,40,,wapen.jpg;;;
41,41,,wapen.jpg;;;
42,42,,wapen.jpg;;;
43,43,,wapen.jpg;;;
44,44,,wapen.jpg;;;
45,45,,wapen.jpg;;;
46,46,,wapen.jpg;;;
47,47,,wapen.jpg;;;
48,48,,wapen.jpg;;;
49,49,,wapen.jpg;;;
50,50,,wapen.jpg;;;
51,51,,wapen.jpg;;;
52,52,,wapen.jpg;;;
53,53,,wapen.jpg;;;
54,54,,wapen.jpg;;;
55,55,,wapen.jpg;;;
56,56,,wapen.jpg;;;
57,57,,wapen.jpg;;;
58,58,,wapen.jpg;;;
59,59,,wapen.jpg;;;